CellId,Total,LogProb,PValue,Limited,FDR,IsCell
CTAGCCTGTTGGTGGA,468,-340.524175797349,0.710828917108289,FALSE,0,TRUE
GTCCTCATCCGCATAA,390,-294.871766601801,0.93950604939506,FALSE,0,TRUE
CGATTGACACATGGGA,301,-259.671702929901,0.879212078792121,FALSE,0,TRUE
TAGAGCTGTTCGAATC,351,-277.381385591985,0.944305569443056,FALSE,0,TRUE
GACCTGGTCGGAAACG,651,-395.744254652129,0.84971502849715,FALSE,0,TRUE
GGAGCAATCTCCTATA,527,-362.619800875196,0.701129887011299,FALSE,0,TRUE
GGGACCTGTGTCCTCT,862,-694.463166241609,9.99900009999e-05,TRUE,0,TRUE
CGCTTCAGTGATGTGG,465,-345.279670446005,0.571442855714429,FALSE,0,TRUE
TCATTTGCAAGTAGTA,473,-379.489869500156,0.0430956904309569,FALSE,0,TRUE
GTGGGTCTCTACTCAT,305,-250.208241927793,0.979202079792021,FALSE,0,TRUE
AAGTCTGGTATCACCA,378,-330.042369336562,0.133086691330867,FALSE,0,TRUE
CAAGAAACACCGCTAG,302,-266.469739602889,0.762823717628237,FALSE,0,TRUE
TTAGTTCCAAGTCATC,328,-281.985833955911,0.693430656934307,FALSE,0,TRUE
TTGAACGGTTCGTGAT,508,-348.482701497198,0.844315568443156,FALSE,0,TRUE
TCAGGTAGTAGCGCTC,318,-262.298519154941,0.943405659434057,FALSE,0,TRUE
CCATTCGCACTAAGTC,314,-285.8840827885,0.405259474052595,FALSE,0,TRUE
CCGTACTGTTGCCTCT,620,-402.943212541284,0.496150384961504,FALSE,0,TRUE
CTCTAATGTCCTCTTG,491,-314.345755665898,0.998700129987001,FALSE,0,TRUE
TCGAGGCAGGCAGTCA,304,-234.704216722483,0.999700029997,FALSE,0,TRUE
TGGCTGGTCTACTATC,695,-417.352113423977,0.703129687031297,FALSE,0,TRUE
TGACTTTCAAACCCAT,342,-275.415213672158,0.922807719228077,FALSE,0,TRUE
GGGAGATAGTATCGAA,526,-383.207855454441,0.227277272272773,FALSE,0,TRUE
AGTTGGTCATGCCACG,362,-307.434211911225,0.438256174382562,FALSE,0,TRUE
CTACCCAAGGCAATTA,323,-246.742553066167,0.999000099990001,FALSE,0,TRUE
ACATCAGAGTTAGCGG,354,-304.942720260897,0.405859414058594,FALSE,0,TRUE
ACACCCTTCCGAAGAG,538,-393.784129729007,0.134586541345865,FALSE,0,TRUE
TGAAAGAGTCCTGCTT,778,-480.634229707246,0.0458954104589541,FALSE,0,TRUE
GCAGCCAGTTGGGACA,327,-281.456889441112,0.693530646935306,FALSE,0,TRUE
GGGTTGCTCGGATGTT,679,-484.939861585813,0.0005999400059994,FALSE,0,TRUE
CCTAGCTTCACCATAG,345,-286.965136385334,0.766123387661234,FALSE,0,TRUE
GGGCATCAGTCCAGGA,505,-352.185544001444,0.757924207579242,FALSE,0,TRUE
TGGCTGGTCCAGAGGA,420,-329.871609328936,0.502949705029497,FALSE,0,TRUE
GCAGCCAGTCTAGCGC,381,-268.646106754745,0.999800019998,FALSE,0,TRUE
GTGCGGTAGTGTACGG,417,-317.872572644972,0.765323467653235,FALSE,0,TRUE
TGGGCGTAGTTAGCGG,466,-348.851484945849,0.48965103489651,FALSE,0,TRUE
ATTTCTGAGCACAGGT,326,-318.830730879651,0.0280971902809719,FALSE,0,TRUE
TCACAAGTCTGTCAAG,564,-378.529148618796,0.635236476352365,FALSE,0,TRUE
AGCATACGTGCAGTAG,460,-348.937028436207,0.427057294270573,FALSE,0,TRUE
GGACAGAGTTCTGGTA,347,-312.371353642705,0.177482251774823,FALSE,0,TRUE
ACTGAGTTCTTACCTA,855,-486.028055002563,0.205279472052795,FALSE,0,TRUE
TAGAGCTCAGTTCCCT,413,-330.931276334829,0.405059494050595,FALSE,0,TRUE
CTAACTTTCCGCGCAA,312,-262.238711691901,0.915708429157084,FALSE,0,TRUE
TGAGCCGTCGTTGCCT,393,-303.232699725805,0.854314568543146,FALSE,0,TRUE
AGTGTCAGTCTCAACA,313,-265.12698254101,0.882711728827117,FALSE,0,TRUE
GGCGTGTCATATGAGA,427,-318.421107985141,0.837716228377162,FALSE,0,TRUE
GAACATCTCTACGAGT,921,-553.539911793618,0.0003999600039996,FALSE,0,TRUE
GTTACAGTCTCTGAGA,322,-274.301597465596,0.801619838016198,FALSE,0,TRUE
CACAAACGTGCAGACA,477,-352.365541596147,0.505649435056494,FALSE,0,TRUE
CCTTCGATCGTCACGG,389,-305.22771037754,0.788121187881212,FALSE,0,TRUE
ACGAGCCGTCTAGGTT,320,-279.199750233688,0.667233276672333,FALSE,0,TRUE
ACTGTCCCATTCGACA,398,-345.281100646835,0.0637936206379362,FALSE,0,TRUE
GCTGCGAGTCGGGTCT,600,-404.073779855142,0.32046795320468,FALSE,0,TRUE
ATGAGGGAGAGCTATA,302,-265.015992872304,0.794120587941206,FALSE,0,TRUE
CCAATCCGTCGAGATG,510,-377.162428436513,0.231376862313769,FALSE,0,TRUE
GGATTACCACATGACT,1117,-580.427936968235,0.0077992200779922,FALSE,0,TRUE
CCTACACAGCCAACAG,347,-289.71195750052,0.721627837216278,FALSE,0,TRUE
AGCTCTCGTCGCGAAA,418,-303.175444134455,0.964803519648035,FALSE,0,TRUE
GCCAAATCACCTGGTG,548,-368.289948710769,0.740625937406259,FALSE,0,TRUE
AAGTCTGTCGGTCCGA,748,-442.418496147377,0.481451854814519,FALSE,0,TRUE
ACGATACGTCAAACTC,582,-387.378849222737,0.56984301569843,FALSE,0,TRUE
CAGCGACTCGCGGATC,528,-355.680898032093,0.841515848415158,FALSE,0,TRUE
CAGTAACAGTGCGATG,497,-355.902823207524,0.606739326067393,FALSE,0,TRUE
GATCGCGTCCCAAGAT,330,-281.073609219397,0.737826217378262,FALSE,0,TRUE
GTCACAATCGGAGCAA,633,-442.589963375712,0.0226977302269773,FALSE,0,TRUE
GAATGAACAAGTCTAC,348,-277.811918054455,0.926107389261074,FALSE,0,TRUE
CAAGAAAGTGATAAAC,384,-309.486817679645,0.644135586441356,FALSE,0,TRUE
TGACTTTAGCAGGCTA,355,-294.568892866841,0.692530746925307,FALSE,0,TRUE
CCATTCGTCAGCAACT,654,-428.645872924378,0.193880611938806,FALSE,0,TRUE
TTCTCCTCAGGATTGG,301,-267.582329044609,0.728327167283272,FALSE,0,TRUE
CTTTGCGTCTTACCTA,586,-390.280409826323,0.532746725327467,FALSE,0,TRUE
CGACCTTTCAGTTGAC,484,-358.101197303867,0.431256874312569,FALSE,0,TRUE
GGGACCTCAGCTGGCT,380,-304.27446048675,0.722827717228277,FALSE,0,TRUE
CAAGGCCTCTGTCTAT,499,-372.898477202377,0.233776622337766,FALSE,0,TRUE
AAACGGGTCTCTAAGG,470,-335.051483765483,0.837516248375162,FALSE,0,TRUE
TACACGAGTTTGACTG,326,-270.546660942898,0.891610838916108,FALSE,0,TRUE
GGAAAGCCAAGTAGTA,779,-446.193363194018,0.596640335966403,FALSE,0,TRUE
TTGCGTCTCTGCCCTA,376,-341.053765701426,0.0313968603139686,FALSE,0,TRUE
CCAATCCAGACTACAA,339,-294.592759303539,0.496950304969503,FALSE,0,TRUE
TAGACCACATCTATGG,336,-288.428421141728,0.625337466253375,FALSE,0,TRUE
AATCGGTGTCATCGGC,434,-316.580718398708,0.902409759024098,FALSE,0,TRUE
GACCTGGAGTCTCCTC,398,-318.760522709479,0.56044395560444,FALSE,0,TRUE
AGAATAGCAGCCTTGG,447,-363.594728043565,0.0833916608339166,FALSE,0,TRUE
TGGCGCACACAACGTT,461,-352.634129308261,0.35036496350365,FALSE,0,TRUE
TGCACCTAGACATAAC,322,-308.300795424471,0.0772922707729227,FALSE,0,TRUE
CGTAGCGCATGCCTAA,302,-252.790912517943,0.95990400959904,FALSE,0,TRUE
ATTCTACGTTGAACTC,344,-268.183302635508,0.981701829817018,FALSE,0,TRUE
ATGTGTGCAAGCTGAG,327,-266.727444393271,0.942405759424058,FALSE,0,TRUE
TGCACCTTCCGCGGTA,477,-348.798450572658,0.5999400059994,FALSE,0,TRUE
CAGCCGACACTTACGA,524,-368.72968827811,0.531646835316468,FALSE,0,TRUE
GTGAAGGCACATCTTT,374,-320.750416202798,0.253074692530747,FALSE,0,TRUE
CTGGTCTGTGACCAAG,301,-257.193587302064,0.912308769123088,FALSE,0,TRUE
CTACGTCTCACCATAG,335,-273.659867200727,0.905809419058094,FALSE,0,TRUE
CGATGTAGTCTCGTTC,424,-311.760855802012,0.912508749125088,FALSE,0,TRUE
GGATGTTCACTATCTT,340,-274.504864702579,0.923007699230077,FALSE,0,TRUE
ATTGGACAGTCTCAAC,704,-447.250805724416,0.147585241475852,FALSE,0,TRUE
TTTCCTCGTTCCAACA,348,-329.464796638933,0.0272972702729727,FALSE,0,TRUE
ATTATCCGTACTTAGC,656,-433.112951876289,0.135186481351865,FALSE,0,TRUE
CGTGAGCAGCTGAAAT,427,-315.621972044853,0.880911908809119,FALSE,0,TRUE
ACGGGCTGTGACGCCT,356,-275.209936930037,0.972402759724028,FALSE,0,TRUE
GTACTTTGTGGCCCTA,529,-367.77333408827,0.598640135986401,FALSE,0,TRUE
CCACTACGTTGGGACA,1181,-537.578211460594,0.697930206979302,FALSE,0,TRUE
GCTCTGTCACTCTGTC,329,-270.515810914816,0.909409059094091,FALSE,0,TRUE
TCTGGAAGTGTGGTTT,368,-289.362170393032,0.898210178982102,FALSE,0,TRUE
CACATAGAGTCGAGTG,681,-419.07903273103,0.567643235676432,FALSE,0,TRUE
TGCCAAAAGTGTACCT,389,-323.054998646048,0.343765623437656,FALSE,0,TRUE
ACGGGTCAGCCAGAAC,309,-264.986532889917,0.855014498550145,FALSE,0,TRUE
CATATTCTCGGTCTAA,583,-408.478964985833,0.147785221477852,FALSE,0,TRUE
TCTTTCCCACCATCCT,596,-394.682670315964,0.506249375062494,FALSE,0,TRUE
AAGCCGCAGCGAAGGG,351,-286.488758989475,0.825817418258174,FALSE,0,TRUE
TACCTTATCACCAGGC,324,-283.398081966625,0.602139786021398,FALSE,0,TRUE
CATATTCAGTACCGGA,340,-261.141759085857,0.993200679932007,FALSE,0,TRUE
CTCGGGACAAACAACA,513,-357.75742709952,0.698730126987301,FALSE,0,TRUE
CTTGGCTTCTTACCTA,370,-322.078190702457,0.196380361963804,FALSE,0,TRUE
CTGAAACCATGGTCAT,575,-400.563530296974,0.226177382261774,FALSE,0,TRUE
GCGCAGTCATCGATTG,345,-266.673767615517,0.988901109889011,FALSE,0,TRUE
CGCGGTAAGTCAAGGC,386,-309.798635071212,0.656934306569343,FALSE,0,TRUE
CTCAGAATCCGAGCCA,356,-299.889500508019,0.566343365663434,FALSE,0,TRUE
CCTTCCCTCTTCAACT,365,-266.682638555309,0.999000099990001,FALSE,0,TRUE
GCGCAGTGTACCGTAT,320,-289.205362393744,0.396860313968603,FALSE,0,TRUE
CGTCAGGTCTGCAGTA,465,-350.735907055762,0.431856814318568,FALSE,0,TRUE
CTCGTACTCCTTGGTC,308,-277.38970824473,0.554444555544446,FALSE,0,TRUE
CTGCCTACAGTTTACG,596,-413.425193102331,0.138686131386861,FALSE,0,TRUE
TGGTTAGAGTAGCGGT,460,-331.439667475938,0.835616438356164,FALSE,0,TRUE
TACGGTACAACACGCC,391,-306.57877744499,0.779122087791221,FALSE,0,TRUE
TCAGGATCATCCTTGC,516,-357.388607852231,0.72962703729627,FALSE,0,TRUE
GATTCAGTCTTGACGA,401,-283.027387080568,0.998000199980002,FALSE,0,TRUE
CACACTCCAGGACGTA,551,-408.797636909459,0.043995600439956,FALSE,0,TRUE
GTCATTTCAAGGTTCT,577,-388.505612792878,0.503649635036496,FALSE,0,TRUE
CTCGGGATCCCTGACT,653,-367.58977446659,0.998700129987001,FALSE,0,TRUE
AGTCTTTTCCAACCAA,398,-342.357107587368,0.0915908409159084,FALSE,0,TRUE
CCTTACGCACAAGACG,303,-260.447738692203,0.882711728827117,FALSE,0,TRUE
TACTCATTCTTGCAAG,421,-352.725479035271,0.0844915508449155,FALSE,0,TRUE
ACGGGTCCATGGGACA,502,-368.50552421967,0.347265273472653,FALSE,0,TRUE
TCAACGAAGTCCGGTC,348,-305.735522442604,0.316968303169683,FALSE,0,TRUE
ATAAGAGAGAACTCGG,394,-325.512413088792,0.337766223377662,FALSE,0,TRUE
CATATGGCAGCTGTGC,310,-252.72030838314,0.978402159784022,FALSE,0,TRUE
TATCAGGTCACAATGC,320,-251.787925095697,0.994100589941006,FALSE,0,TRUE
GTGCAGCCACGAAACG,366,-284.964685119016,0.935106489351065,FALSE,0,TRUE
TCATTTGTCTATCCCG,388,-295.174704860339,0.92970702929707,FALSE,0,TRUE
CTCACACTCAAGATCC,333,-269.627118556862,0.941705829417058,FALSE,0,TRUE
CATGGCGTCACGAAGG,643,-386.532451680017,0.932306769323068,FALSE,0,TRUE
TAAGTGCTCTCCTATA,344,-266.631974420345,0.986801319868013,FALSE,0,TRUE
TCAGCAATCACGGTTA,345,-294.420774199077,0.578342165783422,FALSE,0,TRUE
CAACTAGTCTGAGGGA,518,-358.86284128339,0.713828617138286,FALSE,0,TRUE
TAGTGGTAGGGCATGT,815,-470.685856987774,0.282571742825717,FALSE,0,TRUE
GCACTCTAGAAACCGC,305,-294.624496426927,0.135186481351865,FALSE,0,TRUE
CTGAAACTCATGTGGT,332,-324.216704092126,0.0187981201879812,FALSE,0,TRUE
TGCCAAATCACAAACC,890,-489.118164337744,0.307769223077692,FALSE,0,TRUE
ACTGCTCGTCTAGCGC,487,-337.603707455551,0.89051094890511,FALSE,0,TRUE
CCGGTAGGTACGCACC,441,-387.329443314133,0.0014998500149985,FALSE,0,TRUE
AGAATAGCACGCCAGT,365,-363.437451142374,0.0002999700029997,FALSE,0,TRUE
CTACACCAGACTTTCG,566,-369.02130934562,0.841415858414159,FALSE,0,TRUE
AGAATAGAGTCAAGGC,396,-322.931857628512,0.426357364263574,FALSE,0,TRUE
GATGAGGGTAGAAAGG,588,-406.758311913805,0.196780321967803,FALSE,0,TRUE
AGGCCGTGTCTCCATC,487,-373.436466121064,0.152184781521848,FALSE,0,TRUE
AGTGGGACATTTGCCC,371,-301.902361309724,0.685731426857314,FALSE,0,TRUE
GACGGCTTCCACGCAG,826,-469.078168066805,0.372062793720628,FALSE,0,TRUE
TGGCTGGGTCCGTCAG,589,-397.841158558352,0.374762523747625,FALSE,0,TRUE
CATATTCTCTTCCTTC,408,-331.887445683667,0.326867313268673,FALSE,0,TRUE
TGAGCCGGTCGCGTGT,346,-292.989501089075,0.627137286271373,FALSE,0,TRUE
TTCTCCTCACGCATCG,515,-369.282935402799,0.436356364363564,FALSE,0,TRUE
TAGTGGTAGATGGGTC,655,-385.801919828936,0.961803819618038,FALSE,0,TRUE
GGACATTTCAACACGT,332,-284.104928630668,0.688431156884312,FALSE,0,TRUE
GCATGCGCACACCGAC,384,-302.358094488407,0.802219778022198,FALSE,0,TRUE
TCTTCGGTCTGCTTGC,369,-331.455309116376,0.0716928307169283,FALSE,0,TRUE
GTACTTTTCTGGAGCC,345,-291.073541356152,0.665733426657334,FALSE,0,TRUE
TCTCATAGTTCGGGCT,559,-375.775194574647,0.660633936606339,FALSE,0,TRUE
GCATGTAAGATCCTGT,328,-291.454419598897,0.438656134386561,FALSE,0,TRUE
CCACCTAGTTACGACT,410,-334.773066648552,0.283371662833717,FALSE,0,TRUE
ACGCCAGCAACACGCC,374,-281.774765090491,0.978502149785021,FALSE,0,TRUE
CCTACCACATGCCACG,380,-295.22979689786,0.892510748925108,FALSE,0,TRUE
CAAGGCCCAGTCACTA,321,-289.662099819004,0.399160083991601,FALSE,0,TRUE
TTTACTGGTTGATTGC,303,-265.919445094489,0.785121487851215,FALSE,0,TRUE
CTCAGAACAGACAGGT,771,-476.037967059016,0.0604939506049395,FALSE,0,TRUE
CCATGTCAGTCATGCT,710,-414.035906862199,0.841215878412159,FALSE,0,TRUE
TACCTATCAGTCTTCC,446,-343.800317840991,0.417058294170583,FALSE,0,TRUE
ATGTGTGGTCTGATCA,368,-288.723164757588,0.905109489051095,FALSE,0,TRUE
AGTTGGTAGCGAAGGG,301,-251.721675421409,0.964403559644036,FALSE,0,TRUE
GTAACGTGTAGCGTGA,313,-292.811949038738,0.231176882311769,FALSE,0,TRUE
TCAGCAACAGGCGATA,392,-309.426698154392,0.726327367263274,FALSE,0,TRUE
GACCTGGGTGTTCTTT,423,-337.592549958209,0.342265773422658,FALSE,0,TRUE
AACTCTTAGATGTGGC,423,-294.265668065398,0.996400359964004,FALSE,0,TRUE
GGGCATCTCCCTAATT,398,-299.089947228134,0.933006699330067,FALSE,0,TRUE
CAGAGAGCATTACGAC,1065,-664.915231112493,9.99900009999e-05,TRUE,0,TRUE
TTCTACATCCACGACG,350,-298.095892243161,0.541945805419458,FALSE,0,TRUE
AACGTTGGTACGCTGC,330,-288.673943662973,0.538046195380462,FALSE,0,TRUE
TCAACGATCGCTTAGA,599,-395.228134592207,0.515948405159484,FALSE,0,TRUE
TTAGGACAGAAACCAT,821,-482.190120374896,0.132286771322868,FALSE,0,TRUE
GCTGCGATCGGTTAAC,308,-260.920246059517,0.908209179082092,FALSE,0,TRUE
CTAGCCTTCTCCGGTT,487,-347.240641544548,0.72022797720228,FALSE,0,TRUE
GGAAAGCCAATGCCAT,752,-454.841202861186,0.248275172482752,FALSE,0,TRUE
CCCATACGTCATACTG,692,-464.035480927336,0.0167983201679832,FALSE,0,TRUE
ACACCAATCCACTCCA,464,-355.110484030103,0.317368263173683,FALSE,0,TRUE
CATTCGCAGTACACCT,393,-308.683122259181,0.751324867513249,FALSE,0,TRUE
CTGTGCTTCAGTTAGC,368,-330.630940351049,0.0757924207579242,FALSE,0,TRUE
AGATTGCAGCTAACAA,400,-303.841753468815,0.888511148885112,FALSE,0,TRUE
AACACGTCAACAACCT,801,-473.542540189825,0.174482551744826,FALSE,0,TRUE
AGAGTGGGTGTGAAAT,661,-388.000308824333,0.96000399960004,FALSE,0,TRUE
CTACATTGTAAATGAC,311,-284.098163711771,0.411258874112589,FALSE,0,TRUE
GCCTCTATCATAGCAC,356,-291.240512786726,0.776522347765223,FALSE,0,TRUE
TCCACACCAGGAACGT,353,-296.160463976087,0.625937406259374,FALSE,0,TRUE
CTCTACGGTTGAGGTG,417,-331.575359787369,0.430556944305569,FALSE,0,TRUE
TGTCCCAGTTCGCTAA,308,-289.390594564513,0.252074792520748,FALSE,0,TRUE
ACGATACTCGTCACGG,553,-392.464027868088,0.233776622337766,FALSE,0,TRUE
CAGCTAATCCACGCAG,474,-337.6483240574,0.818318168183182,FALSE,0,TRUE
TTGTAGGTCGTCTGCT,389,-331.517431884084,0.17968203179682,FALSE,0,TRUE
GACTACATCCTAGGGC,334,-274.651539373544,0.888311168883112,FALSE,0,TRUE
CACACTCAGTGTCTCA,400,-305.889519307161,0.85981401859814,FALSE,0,TRUE
CACATTTAGAATAGGG,565,-406.744436071909,0.0956904309569043,FALSE,0,TRUE
GTCACAAAGATGTGGC,493,-338.220822014519,0.90990900909909,FALSE,0,TRUE
TAAGAGACAGGAATGC,322,-299.618752878073,0.189281071892811,FALSE,0,TRUE
GTCCTCAGTCAGAAGC,354,-295.607797593188,0.653634636536346,FALSE,0,TRUE
TGATTTCTCCTCAACC,376,-316.993707756364,0.352264773522648,FALSE,0,TRUE
ACGAGCCGTAAGTTCC,481,-338.923880360751,0.84011598840116,FALSE,0,TRUE
GGTGAAGAGGATGTAT,920,-467.225565790395,0.880611938806119,FALSE,0,TRUE
ATCATCTTCTGATTCT,477,-354.89118843665,0.442555744425557,FALSE,0,TRUE
CCGGGATAGACTTTCG,341,-255.928485167213,0.998700129987001,FALSE,0,TRUE
CCGTACTAGGCATGTG,570,-351.215111568142,0.989401059894011,FALSE,0,TRUE
GGCGACTTCAGGCGAA,398,-317.213349298328,0.601039896010399,FALSE,0,TRUE
AGCCTAAGTCAGGACA,366,-309.696711768747,0.426357364263574,FALSE,0,TRUE
GAACCTAGTAGCTCCG,363,-292.164750436617,0.81951804819518,FALSE,0,TRUE
TTAACTCGTTCGGGCT,387,-309.503376720818,0.674232576742326,FALSE,0,TRUE
GGCAATTGTCATGCCG,491,-378.323223131993,0.108089191080892,FALSE,0,TRUE
CGGACACCATCTCCCA,372,-307.347947246789,0.56034396560344,FALSE,0,TRUE
ACATACGAGGCGCTCT,391,-289.740895096617,0.975202479752025,FALSE,0,TRUE
CGTCCATGTGTGGTTT,744,-429.417663562765,0.746025397460254,FALSE,0,TRUE
ATTACTCAGGACAGCT,313,-275.63496608646,0.670632936706329,FALSE,0,TRUE
CTAGTGACACAACTGT,724,-456.751126454057,0.105089491050895,FALSE,0,TRUE
TGGCGCAGTTAGATGA,325,-278.380225320715,0.745025497450255,FALSE,0,TRUE
TAGTGGTGTATATGAG,389,-316.590050977006,0.514348565143486,FALSE,0,TRUE
ACGCAGCAGGCCCTCA,322,-273.896816942434,0.81001899810019,FALSE,0,TRUE
GCTTGAATCAGGTTCA,592,-368.731258578975,0.944105589441056,FALSE,0,TRUE
ATGAGGGGTGTAATGA,598,-441.750794767294,0.0043995600439956,FALSE,0,TRUE
TTTCCTCGTATAAACG,678,-436.376626211008,0.188381161883812,FALSE,0,TRUE
CCATGTCCAGTATGCT,332,-285.014924438792,0.666633336666333,FALSE,0,TRUE
GAGGTGACACGAGAGT,337,-281.145817633051,0.806119388061194,FALSE,0,TRUE
ATCACGAGTTTCCACC,374,-286.818071303779,0.949105089491051,FALSE,0,TRUE
CTACCCATCCGTCATC,403,-329.929593377987,0.325667433256674,FALSE,0,TRUE
GTCATTTGTAGAAGGA,652,-434.828802680439,0.1001899810019,FALSE,0,TRUE
ATAACGCTCTGTCAAG,350,-312.774128376799,0.194780521947805,FALSE,0,TRUE
GTGAAGGCAAGTACCT,1693,-739.765038342478,9.99900009999e-05,TRUE,0,TRUE
AACACGTCAAAGTGCG,365,-325.421588927504,0.116688331166883,FALSE,0,TRUE
CACATTTGTACTTGAC,483,-375.339817730358,0.108289171082892,FALSE,0,TRUE
CTAATGGTCGCTGATA,380,-312.162003599738,0.528647135286471,FALSE,0,TRUE
CAAGTTGTCCAAACTG,351,-287.788578728538,0.805019498050195,FALSE,0,TRUE
GAGTCCGGTGTTGGGA,318,-280.1694646392,0.615638436156384,FALSE,0,TRUE
TATGCCCGTTGTGGCC,349,-284.187367039536,0.850614938506149,FALSE,0,TRUE
TACCTTAGTAGAAAGG,315,-284.730049283205,0.448255174482552,FALSE,0,TRUE
TGATTTCTCCTTTCGG,610,-408.837474942165,0.290770922907709,FALSE,0,TRUE
CTCGTACCAGATCTGT,327,-279.300503869738,0.747825217478252,FALSE,0,TRUE
ATTACTCTCAACACTG,579,-472.082715418042,9.99900009999e-05,TRUE,0,TRUE
CTCGAAAGTTACGGAG,387,-314.168664165984,0.558444155584442,FALSE,0,TRUE
TGGCGCATCTCAACTT,598,-344.113579933694,0.999800019998,FALSE,0,TRUE
TACCTTATCGACAGCC,562,-370.487485949067,0.791120887911209,FALSE,0,TRUE
CGTTCTGCACCGAATT,385,-310.131998038954,0.639236076392361,FALSE,0,TRUE
GGGAGATCACCCAGTG,516,-379.571050732029,0.229477052294771,FALSE,0,TRUE
TGCTGCTGTCTCACCT,613,-390.16387735744,0.738226177382262,FALSE,0,TRUE
CGGAGTCGTGCGAAAC,326,-308.168855533781,0.0970902909709029,FALSE,0,TRUE
TGAGCCGCACCAGCAC,325,-283.322908958969,0.62033796620338,FALSE,0,TRUE
TTGTAGGAGACACGAC,339,-284.239198613457,0.761123887611239,FALSE,0,TRUE
AACTCCCCAACACGCC,351,-299.611949468483,0.513248675132487,FALSE,0,TRUE
GTGAAGGAGGGTCGAT,337,-281.249260239581,0.804819518048195,FALSE,0,TRUE
GGATTACTCAGTACGT,420,-322.178948816102,0.6999300069993,FALSE,0,TRUE
GACGTGCCATGCTGGC,452,-366.252913283234,0.0760923907609239,FALSE,0,TRUE
ACGCCGATCCGAGCCA,589,-405.184159281762,0.231876812318768,FALSE,0,TRUE
GATCGATTCCGTTGTC,328,-277.345217336697,0.797820217978202,FALSE,0,TRUE
CAGCGACAGTGTTTGC,347,-290.523225729715,0.701929807019298,FALSE,0,TRUE
ACGCAGCTCATACGGT,355,-282.874360177844,0.905409459054095,FALSE,0,TRUE
GATGCTACAATCTACG,439,-312.007000285737,0.961403859614039,FALSE,0,TRUE
AAGTCTGTCGACCAGC,483,-382.380954228649,0.0507949205079492,FALSE,0,TRUE
GTCGGGTCAGAAGCAC,727,-469.787784826204,0.0305969403059694,FALSE,0,TRUE
CATCAAGCATGGGACA,368,-302.372331343243,0.640535946405359,FALSE,0,TRUE
AACTCAGAGAGTACAT,604,-395.687930295298,0.546545345465453,FALSE,0,TRUE
TAGTTGGCATGAAGTA,452,-342.416941964748,0.513748625137486,FALSE,0,TRUE
TGGCTGGGTCGCGGTT,571,-387.306474928944,0.484551544845515,FALSE,0,TRUE
CTGGTCTGTATTAGCC,651,-413.982392452245,0.468953104689531,FALSE,0,TRUE
GGAGCAATCACCGTAA,586,-409.936347617865,0.141485851414859,FALSE,0,TRUE
TAGAGCTCAGGTCCAC,354,-313.963450271432,0.206979302069793,FALSE,0,TRUE
GAATGAAGTTCAGGCC,393,-300.027186721598,0.900609939006099,FALSE,0,TRUE
ACACCAAGTACTTAGC,563,-390.47662958582,0.338266173382662,FALSE,0,TRUE
CCTTCCCAGTTATCGC,1114,-548.876260459938,0.200979902009799,FALSE,0,TRUE
TCAACGAGTTTGACAC,304,-272.183405962671,0.647435256474353,FALSE,0,TRUE
GACGTGCTCGGTGTCG,608,-394.237807246207,0.613438656134387,FALSE,0,TRUE
ACGCCGAGTGTATGGG,335,-277.876634957327,0.846015398460154,FALSE,0,TRUE
GTTAAGCTCTTTACGT,451,-354.085261676485,0.238676132386761,FALSE,0,TRUE
CAAGTTGTCACGGTTA,396,-316.199026474563,0.604039596040396,FALSE,0,TRUE
ATTGGACAGCAACGGT,340,-286.908497169338,0.713028697130287,FALSE,0,TRUE
ATCCGAACACTCAGGC,348,-289.651851146996,0.734326567343266,FALSE,0,TRUE
GATCAGTTCAGCTTAG,563,-392.114985388756,0.307669233076692,FALSE,0,TRUE
TACCTATCATATACGC,501,-347.734211411663,0.814518548145185,FALSE,0,TRUE
CATCCACAGGTGACCA,690,-424.123979467742,0.512548745125487,FALSE,0,TRUE
TGACGGCGTGCTCTTC,374,-298.09959416094,0.800919908009199,FALSE,0,TRUE
TGACGGCCAAAGGAAG,324,-253.827926176024,0.993300669933007,FALSE,0,TRUE
GGCGACTAGGGAGTAA,331,-286.895876718433,0.600939906009399,FALSE,0,TRUE
CAAGGCCCATGTCTCC,371,-299.878668247436,0.733526647335267,FALSE,0,TRUE
TGCTGCTAGGGTGTTG,593,-378.285779917263,0.832716728327167,FALSE,0,TRUE
CGTCCATTCTTGTCAT,308,-249.437382878202,0.986101389861014,FALSE,0,TRUE
CATTATCGTAAAGGAG,483,-391.981669532147,0.012998700129987,FALSE,0,TRUE
TAGTGGTTCTTCGGTC,489,-337.673664215526,0.8998100189981,FALSE,0,TRUE
CCCAGTTCATTGTGCA,382,-293.811777936859,0.916608339166083,FALSE,0,TRUE
GAGCAGACAGATCTGT,403,-291.8008277748,0.985801419858014,FALSE,0,TRUE
ATAACGCAGTATCTCG,319,-274.544420207024,0.768923107689231,FALSE,0,TRUE
TCCACACAGTGGTCCC,376,-372.661843043367,0.0002999700029997,FALSE,0,TRUE
GAGGTGATCAAGGTAA,374,-338.177343062947,0.0425957404259574,FALSE,0,TRUE
CATCGAAAGTCGAGTG,306,-294.279034874134,0.147985201479852,FALSE,0,TRUE
CTGAAACCAACGCACC,433,-364.553873379226,0.0353964603539646,FALSE,0,TRUE
AAGGTTCAGTAATCCC,490,-341.014932999048,0.85971402859714,FALSE,0,TRUE
AATCCAGTCTCCTATA,416,-330.697519112555,0.443355664433557,FALSE,0,TRUE
TTTCCTCGTAAATGTG,413,-302.826330661595,0.954204579542046,FALSE,0,TRUE
CGCGGTAAGTGCGATG,438,-331.978600712124,0.641135886411359,FALSE,0,TRUE
GACTACACAATCCGAT,416,-322.178012449677,0.65973402659734,FALSE,0,TRUE
CCGTGGACACACCGCA,383,-297.910362749539,0.872012798720128,FALSE,0,TRUE
CTAGAGTGTAATTGGA,526,-443.397036436523,9.99900009999e-05,TRUE,0,TRUE
GGAGCAAAGTACGCGA,543,-368.834285042224,0.691430856914309,FALSE,0,TRUE
CGTAGCGTCCACGTTC,306,-263.852041420453,0.85021497850215,FALSE,0,TRUE
AGTCTTTTCCGAACGC,350,-296.50377281513,0.583941605839416,FALSE,0,TRUE
GGGAATGTCTGGTGTA,377,-290.050949200854,0.931906809319068,FALSE,0,TRUE
CAGCCGATCAGTGCAT,984,-524.884142867286,0.122787721227877,FALSE,0,TRUE
TTTGGTTGTTGGGACA,314,-288.876930772749,0.33046695330467,FALSE,0,TRUE
CTAATGGTCCTGCCAT,486,-331.393202495575,0.95020497950205,FALSE,0,TRUE
TTCTCAAGTTATTCTC,396,-303.768264614269,0.866013398660134,FALSE,0,TRUE
CAAGGCCCAGACAAGC,387,-326.355771658082,0.252374762523748,FALSE,0,TRUE
GGCAATTTCTGAAAGA,310,-255.923360136492,0.965103489651035,FALSE,0,TRUE
GACTGCGCAAACCTAC,616,-423.404705716894,0.100789921007899,FALSE,0,TRUE
GGACAAGTCGTTTGCC,418,-325.213815783795,0.605439456054395,FALSE,0,TRUE
ACCAGTAAGCCCAACC,475,-355.548532051422,0.409259074092591,FALSE,0,TRUE
TGGCCAGGTGAGTATA,307,-250.104485011554,0.982501749825017,FALSE,0,TRUE
CCTATTAAGTTACGGG,402,-311.424917728958,0.775522447755224,FALSE,0,TRUE
TGACAACTCATAACCG,322,-246.338730829395,0.998900109989001,FALSE,0,TRUE
GAGCAGATCAGTCAGT,549,-368.766293059097,0.739226077392261,FALSE,0,TRUE
CACAGTAGTTCACCTC,446,-358.297108449167,0.139086091390861,FALSE,0,TRUE
CCGTGGAAGTGAATTG,354,-314.292384231344,0.201679832016798,FALSE,0,TRUE
TACCTATTCGGTCCGA,395,-316.251475699856,0.592940705929407,FALSE,0,TRUE
CGGAGCTCAATCTACG,369,-325.219483365267,0.141385861413859,FALSE,0,TRUE
ACGGAGACACGGACAA,590,-373.974221686252,0.883311668833117,FALSE,0,TRUE
TCGGTAATCGCTAGCG,342,-263.318651069915,0.991800819918008,FALSE,0,TRUE
CACATAGTCGATCCCT,366,-284.758642942974,0.937206279372063,FALSE,0,TRUE
ACCGTAAGTCCCGACA,360,-275.703216482777,0.97970202979702,FALSE,0,TRUE
GGACATTAGGCATGTG,502,-337.053309814437,0.952704729527047,FALSE,0,TRUE
GTCCTCACACACCGAC,309,-276.379708823747,0.596640335966403,FALSE,0,TRUE
GACGGCTAGCAGCGTA,350,-268.460739864446,0.989301069893011,FALSE,0,TRUE
AAACGGGGTTATGTGC,358,-276.57975566276,0.97020297970203,FALSE,0,TRUE
TCGTAGACATGAGCGA,314,-297.901962191542,0.153484651534847,FALSE,0,TRUE
CAGCCGACATTCTCAT,367,-291.13579291535,0.868613138686131,FALSE,0,TRUE
CGGAGCTTCAACCATG,309,-275.820130036893,0.612338766123388,FALSE,0,TRUE
CCTTCGATCAATCTCT,649,-419.991202565475,0.316768323167683,FALSE,0,TRUE
ACCAGTAAGCGCTCCA,411,-345.876102281522,0.113888611138886,FALSE,0,TRUE
CACCACTCAATGGTCT,621,-402.140598802797,0.523847615238476,FALSE,0,TRUE
CCCATACAGCTGCAAG,386,-332.818618542081,0.142485751424858,FALSE,0,TRUE
GAACGGACACCATCCT,697,-389.999272839976,0.989401059894011,FALSE,0,TRUE
GTATTCTCATCTATGG,547,-372.487227408263,0.639336066393361,FALSE,0,TRUE
CGGTTAAGTCTACCTC,364,-277.601036011904,0.978302169783022,FALSE,0,TRUE
GAGGTGATCAATACCG,404,-341.04801481967,0.135286471352865,FALSE,0,TRUE
CCACTACGTAAGTGTA,570,-421.482312403261,0.0203979602039796,FALSE,0,TRUE
ATGGGAGCAGGCTGAA,553,-396.519650152853,0.168383161683832,FALSE,0,TRUE
GAAACTCCATGTCGAT,554,-393.667209705877,0.219278072192781,FALSE,0,TRUE
CGATCGGCAGCCTTTC,466,-386.854055331807,0.0101989801019898,FALSE,0,TRUE
TAAGCGTAGGAGTTTA,396,-317.102994777679,0.58014198580142,FALSE,0,TRUE
GATCTAGCAGTCGTGC,358,-390.445468779156,9.99900009999e-05,TRUE,0,TRUE
ACGGCCAAGGTCATCT,382,-263.98501066759,1,FALSE,0,TRUE
ACACCGGGTATTCGTG,405,-268.144238282066,1,FALSE,0,TRUE
TGTATTCGTGACTACT,364,-286.946504747052,0.906009399060094,FALSE,0,TRUE
TCACGAAAGCTAGTGG,374,-276.827443272028,0.993000699930007,FALSE,0,TRUE
GATTCAGAGTGTACTC,335,-305.535774523286,0.197580241975802,FALSE,0,TRUE
GCACATACAATAACGA,319,-290.698762304998,0.350664933506649,FALSE,0,TRUE
GCACTCTCACGGTTTA,499,-385.485737433938,0.0724927507249275,FALSE,0,TRUE
GGAACTTGTGCGGTAA,330,-288.966857258676,0.53004699530047,FALSE,0,TRUE
AACCATGAGTTACCCA,362,-289.211928869641,0.863313668633137,FALSE,0,TRUE
CCACTACTCCCTTGCA,574,-395.169666261788,0.31986801319868,FALSE,0,TRUE
TCGTAGATCACCCTCA,450,-340.898393050641,0.534746525347465,FALSE,0,TRUE
AGGGTGATCCTTGCCA,516,-359.041583136047,0.694530546945305,FALSE,0,TRUE
TATTACCGTGAAGGCT,348,-341.021509443631,0.0038996100389961,FALSE,0,TRUE
TATCAGGTCGTCCAGG,412,-332.163808925439,0.362763723627637,FALSE,0,TRUE
CTACGTCTCAACGCTA,388,-312.480606966992,0.612838716128387,FALSE,0,TRUE
CTCCTAGCAATAGCAA,335,-321.509230207459,0.036996300369963,FALSE,0,TRUE
GGAATAATCTTGTACT,531,-383.490021654217,0.256274372562744,FALSE,0,TRUE
TTCTCAATCGCCAGCA,367,-280.290768729438,0.971102889711029,FALSE,0,TRUE
TGACGGCGTGGTCTCG,465,-317.387649618959,0.982401759824018,FALSE,0,TRUE
CTAAGACCAGTGACAG,349,-265.945048348829,0.992100789921008,FALSE,0,TRUE
AGCCTAACAACACGCC,483,-348.102359119657,0.667433256674333,FALSE,0,TRUE
AGTTGGTCAGATCTGT,307,-254.340453024555,0.965703429657034,FALSE,0,TRUE
GGACAGACAATCCAAC,393,-322.789118201539,0.394160583941606,FALSE,0,TRUE
CCTCTGAAGAGACGAA,323,-267.885417277626,0.906809319068093,FALSE,0,TRUE
AACTCTTGTATTAGCC,498,-378.288710158335,0.142185781421858,FALSE,0,TRUE
CGATCGGTCCCACTTG,325,-270.904479309743,0.881211878812119,FALSE,0,TRUE
CTCTAATCAGTACACT,395,-312.864879943822,0.674132586741326,FALSE,0,TRUE
AGGTCATAGAGCCTAG,315,-283.039718908931,0.492750724927507,FALSE,0,TRUE
TTCTCCTGTCTCCACT,367,-312.286032328499,0.371662833716628,FALSE,0,TRUE
AGATTGCCACCAGATT,312,-234.78001237651,1,FALSE,0,TRUE
AACCGCGCATATGCTG,506,-333.481779652934,0.977602239776022,FALSE,0,TRUE
ACAGCCGGTCGCATCG,363,-295.77790926796,0.746925307469253,FALSE,0,TRUE
CAGGTGCCAATGGTCT,406,-303.432673208041,0.923207679232077,FALSE,0,TRUE
TACCTTATCCCTGACT,434,-329.244203670747,0.667833216678332,FALSE,0,TRUE
CCATTCGCACCTCGTT,437,-322.852152958071,0.82961703829617,FALSE,0,TRUE
AGTTGGTGTCTTTCAT,772,-460.189163128023,0.255274472552745,FALSE,0,TRUE
TATTACCTCATGCAAC,359,-302.948080181068,0.521447855214479,FALSE,0,TRUE
GGGCATCAGACTCGGA,447,-318.038297475471,0.938706129387061,FALSE,0,TRUE
CTACACCCAGACAAAT,390,-306.554091756503,0.77042295770423,FALSE,0,TRUE
CTGCCTACACCTGGTG,424,-320.866495669555,0.765723427657234,FALSE,0,TRUE
GTCACGGCAGGCTCAC,341,-284.522034811722,0.775422457754225,FALSE,0,TRUE
TCGAGGCCACGGCTAC,319,-266.677642257205,0.899010098990101,FALSE,0,TRUE
AGGGTGAAGGCCCTCA,314,-280.42417058469,0.550944905509449,FALSE,0,TRUE
AGAATAGTCAGTCAGT,306,-281.496276208558,0.414558544145585,FALSE,0,TRUE
TTGCGTCGTAGCGTCC,315,-276.695908922076,0.66963303669633,FALSE,0,TRUE
AGCATACAGCGTTGCC,1040,-530.611448504776,0.224577542245775,FALSE,0,TRUE
CCACTACTCAACACGT,497,-369.923785381521,0.276972302769723,FALSE,0,TRUE
GCTCTGTTCGTCCAGG,319,-256.661364978321,0.981201879812019,FALSE,0,TRUE
ACACCCTCAGATCTGT,322,-259.182260845919,0.976602339766023,FALSE,0,TRUE
GGGCACTGTTAGTGGG,864,-510.612802975596,0.0230976902309769,FALSE,0,TRUE
GGCGACTCAAAGTCAA,520,-385.108592677178,0.161183881611839,FALSE,0,TRUE
TGCCAAAGTTACGCGC,652,-419.919133256912,0.34006599340066,FALSE,0,TRUE
GGAATAACAGACAAAT,582,-441.561354798195,0.0017998200179982,FALSE,0,TRUE
GACACGCTCGTTTGCC,402,-289.255892413147,0.990900909909009,FALSE,0,TRUE
TCGTACCTCACTATTC,436,-341.598614881253,0.374662533746625,FALSE,0,TRUE
CATCGAAAGTGTACCT,492,-351.171610639327,0.673132686731327,FALSE,0,TRUE
CGGTTAATCGAGAACG,477,-345.089185231381,0.684231576842316,FALSE,0,TRUE
TCAGGATCATTGCGGC,356,-300.69475055455,0.547145285471453,FALSE,0,TRUE
TTTGGTTGTAGGACAC,313,-267.160124565333,0.851814818518148,FALSE,0,TRUE
TTTGGTTGTTCCCTTG,308,-278.684026475726,0.518048195180482,FALSE,0,TRUE
GGGATGAAGATGGCGT,405,-338.271003243197,0.180581941805819,FALSE,0,TRUE
TTTGGTTCACACGCTG,414,-337.1974125395,0.269273072692731,FALSE,0,TRUE
AGCTTGACAGGGCATA,420,-321.254909525542,0.723127687231277,FALSE,0,TRUE
CCCTCCTAGAACTCGG,395,-283.718538995846,0.994600539946005,FALSE,0,TRUE
CACAGTAAGTTATCGC,394,-311.121539465248,0.705229477052295,FALSE,0,TRUE
GCATGCGCACTGCCAG,650,-466.63890551374,0.0014998500149985,FALSE,0,TRUE
TCTGGAATCCTTGACC,403,-323.299148265758,0.494950504949505,FALSE,0,TRUE
CAGTCCTTCCATGAGT,467,-340.378266864366,0.705029497050295,FALSE,0,TRUE
TCTTCGGCAGCATGAG,411,-297.648543278322,0.977302269773023,FALSE,0,TRUE
CAGCTGGTCACCGGGT,527,-341.938678319249,0.972802719728027,FALSE,0,TRUE
CGACTTCGTGGCAAAC,497,-345.864065378677,0.821717828217178,FALSE,0,TRUE
GCATGTATCTCTGAGA,406,-308.795780083179,0.852814718528147,FALSE,0,TRUE
CGTAGCGCACATTAGC,418,-327.150890291728,0.555744425557444,FALSE,0,TRUE
TGGACGCCATCTGGTA,671,-404.223977639855,0.813918608139186,FALSE,0,TRUE
TAAGCGTGTCATCCCT,457,-359.913445077733,0.17968203179682,FALSE,0,TRUE
GCACATACACCAGCAC,334,-314.305462808017,0.0770922907709229,FALSE,0,TRUE
CACATAGGTGGTAACG,314,-258.295748885919,0.960903909609039,FALSE,0,TRUE
CAGAATCTCGTGGACC,353,-317.905095744939,0.137186281371863,FALSE,0,TRUE
TTCGGTCTCAAACGGG,361,-285.823507196381,0.905009499050095,FALSE,0,TRUE
TGTCCCACAGCCAGAA,588,-360.079191162758,0.982001799820018,FALSE,0,TRUE
GCAGTTAGTTCCACGG,329,-288.713169954605,0.523647635236476,FALSE,0,TRUE
GCGCCAATCTACCTGC,373,-304.147655848671,0.651634836516348,FALSE,0,TRUE
CTGCCTATCCTATTCA,723,-441.876403424259,0.336466353364664,FALSE,0,TRUE
GGCAATTGTTCGTGAT,344,-284.640394578357,0.801519848015198,FALSE,0,TRUE
CGAGAAGCAGGGCATA,341,-305.392372157924,0.253974602539746,FALSE,0,TRUE
TCGGGACTCAAGGTAA,308,-266.742129168527,0.817318268173183,FALSE,0,TRUE
GCATGTAAGGAGTTGC,447,-349.498756402337,0.292470752924708,FALSE,0,TRUE
ACCCACTTCCGATATG,479,-329.384541240563,0.946105389461054,FALSE,0,TRUE
CTGGTCTAGCCGCCTA,326,-310.883364829419,0.0720927907209279,FALSE,0,TRUE
CCACTACGTCTACCTC,682,-416.068051391602,0.647335266473353,FALSE,0,TRUE
GACGTGCTCAGTGTTG,369,-317.099328849835,0.281771822817718,FALSE,0,TRUE
CTAACTTCATGCAATC,368,-312.569057678705,0.374262573742626,FALSE,0,TRUE
AACTCCCCATCGGAAG,576,-447.013568604853,0.0004999500049995,FALSE,0,TRUE
CGGGTCAAGATCCCGC,347,-293.859186598343,0.617738226177382,FALSE,0,TRUE
TTTATGCAGTACGCCC,314,-276.784608967689,0.654934506549345,FALSE,0,TRUE
GGTGCGTGTTACTGAC,437,-313.927886478227,0.941005899410059,FALSE,0,TRUE
CCGTACTGTCTGGTCG,410,-318.295404468886,0.696030396960304,FALSE,0,TRUE
CGCTATCAGCTAGCCC,698,-491.723390055914,0.0004999500049995,FALSE,0,TRUE
CACTCCATCCTAAGTG,320,-268.124274239457,0.887111288871113,FALSE,0,TRUE
CATCCACGTATAATGG,389,-284.658050099571,0.989401059894011,FALSE,0,TRUE
GTCTCGTAGCTGGAAC,436,-338.491069205134,0.449355064493551,FALSE,0,TRUE
TGACTAGGTAGCGTGA,441,-316.155910102039,0.936106389361064,FALSE,0,TRUE
GTAACTGCATCACAAC,331,-305.665932807833,0.164083591640836,FALSE,0,TRUE
CCGGTAGAGCGACGTA,312,-237.167697308422,0.999900009999,FALSE,0,TRUE
AAGGTTCTCCAGTAGT,321,-281.987046519445,0.605039496050395,FALSE,0,TRUE
CCTCTGACAGCTGTGC,398,-308.828027197623,0.793320667933207,FALSE,0,TRUE
ACATACGAGTGTCCAT,324,-273.442920690883,0.833816618338166,FALSE,0,TRUE
GTAACGTCATGAACCT,785,-478.484081807212,0.0712928707129287,FALSE,0,TRUE
TGAGCCGAGACGCAAC,336,-282.739976244092,0.765823417658234,FALSE,0,TRUE
ATCTACTCAGCATGAG,316,-266.90981502356,0.878212178782122,FALSE,0,TRUE
AAGTCTGCATAGACTC,551,-392.563143710362,0.21997800219978,FALSE,0,TRUE
AACTCAGGTTGGTAAA,303,-273.585853708987,0.593040695930407,FALSE,0,TRUE
TGAGCCGCAGTACACT,312,-286.745660826037,0.358464153584642,FALSE,0,TRUE
TACGGATTCAGTGCAT,514,-337.243683015944,0.974202579742026,FALSE,0,TRUE
GGACGTCAGGTGTTAA,337,-292.677815921208,0.522347765223478,FALSE,0,TRUE
CAAGAAATCTGATTCT,460,-345.638844383278,0.515448455154485,FALSE,0,TRUE
GAGCAGATCTGCTGCT,536,-366.397202400713,0.691230876912309,FALSE,0,TRUE
CCTTCCCTCTTCATGT,501,-368.874789219702,0.332566743325667,FALSE,0,TRUE
CTTACCGAGGAGTTTA,363,-275.806443229525,0.984201579842016,FALSE,0,TRUE
AACACGTCACTATCTT,350,-293.180784288922,0.668733126687331,FALSE,0,TRUE
GACAGAGAGTGAACAT,354,-285.410130494419,0.863813618638136,FALSE,0,TRUE
CGAGAAGGTCGAGTTT,519,-340.042247375985,0.968903109689031,FALSE,0,TRUE
CAGCTAATCTTCGGTC,383,-281.987105349545,0.99030096990301,FALSE,0,TRUE
TCTTTCCTCATTCACT,402,-307.222681115903,0.851214878512149,FALSE,0,TRUE
TACGGTAAGATAGTCA,564,-400.156011586635,0.169383061693831,FALSE,0,TRUE
GCGAGAAGTGGCGAAT,326,-269.450532651104,0.904409559044096,FALSE,0,TRUE
GTCACAAGTTGCTCCT,695,-421.684969291259,0.608839116088391,FALSE,0,TRUE
GCACATAGTCTAACGT,406,-329.727596740363,0.361763823617638,FALSE,0,TRUE
CTACCCAGTTCTGAAC,618,-380.009151254224,0.91970802919708,FALSE,0,TRUE
CAACCTCGTCTTGATG,512,-358.256639986615,0.683031696830317,FALSE,0,TRUE
CAGCATATCATATCGG,340,-268.698037923644,0.972802719728027,FALSE,0,TRUE
GCAGCCACAGCCTTGG,492,-343.905728359601,0.824917508249175,FALSE,0,TRUE
GTTCTCGCATCGGACC,359,-300.605527385388,0.585041495850415,FALSE,0,TRUE
AAAGCAACAAACAACA,531,-394.408264053935,0.0970902909709029,FALSE,0,TRUE
ACCTTTATCAATCACG,307,-263.826196162394,0.859014098590141,FALSE,0,TRUE
TCGGTAAAGCGTGAGT,303,-257.52576865617,0.92010798920108,FALSE,0,TRUE
TAGGCATGTGTCGCTG,420,-325.080760718698,0.62953704629537,FALSE,0,TRUE
TTTGTCAGTATGCTTG,394,-362.806944228148,0.0034996500349965,FALSE,0,TRUE
TGGCCAGAGAATTGTG,325,-289.472922672863,0.451254874512549,FALSE,0,TRUE
GTGTTAGCACCAGATT,638,-431.930463187507,0.0856914308569143,FALSE,0,TRUE
TGGACGCGTGAGTATA,533,-423.950932956233,0.0020997900209979,FALSE,0,TRUE
ACTGTCCTCGTTGCCT,628,-463.091191076067,0.0007999200079992,FALSE,0,TRUE
CCCAGTTTCGTGGTCG,523,-412.072646462275,0.0064993500649935,FALSE,0,TRUE
AAGGCAGGTCTAGTCA,384,-316.403622114536,0.459454054594541,FALSE,0,TRUE
GCAATCATCTTGTACT,369,-276.456939547378,0.98990100989901,FALSE,0,TRUE
CTAATGGTCAAGATCC,386,-326.721618092744,0.236976302369763,FALSE,0,TRUE
AGTTGGTTCGTCCGTT,555,-369.320228203233,0.766923307669233,FALSE,0,TRUE
ATTTCTGTCTGCCAGG,441,-362.14136863396,0.0747925207479252,FALSE,0,TRUE
GGGCATCGTTTCCACC,548,-341.705690713876,0.992900709929007,FALSE,0,TRUE
CAGCCGAGTGGCGAAT,367,-288.94536385264,0.898710128987101,FALSE,0,TRUE
GCCAAATCACATTTCT,419,-324.877422941498,0.624237576242376,FALSE,0,TRUE
TACCTTACACAACGCC,507,-359.026311707499,0.620837916208379,FALSE,0,TRUE
CGTCACTTCACTGGGC,320,-271.22579697906,0.839216078392161,FALSE,0,TRUE
CGAGCACTCCGAGCCA,621,-416.593456514369,0.214178582141786,FALSE,0,TRUE
CGAATGTGTAGCGATG,457,-328.828766455865,0.858914108589141,FALSE,0,TRUE
ACACCAACACGTTGGC,725,-421.314494875094,0.794220577942206,FALSE,0,TRUE
CGACTTCGTAACGACG,588,-482.543936037565,9.99900009999e-05,TRUE,0,TRUE
GACTGCGCACCTCGTT,437,-327.027635687878,0.743925607439256,FALSE,0,TRUE
AGCTCCTGTATCAGTC,422,-297.570748634329,0.991400859914009,FALSE,0,TRUE
AATCGGTAGCGTAATA,416,-358.626378877335,0.0304969503049695,FALSE,0,TRUE
CGGGTCAAGACTACAA,507,-360.121289897008,0.592940705929407,FALSE,0,TRUE
GCGCAACCAGACTCGC,328,-268.169059969349,0.933606639336066,FALSE,0,TRUE
ATGCGATCAATGACCT,313,-277.596447433318,0.617138286171383,FALSE,0,TRUE
GAAGCAGTCGTCTGAA,371,-310.653231083622,0.462453754624538,FALSE,0,TRUE
AGCAGCCAGTACCGGA,417,-317.798952057631,0.766923307669233,FALSE,0,TRUE
CGGACGTCAATCAGAA,456,-359.223864737848,0.183181681831817,FALSE,0,TRUE
CTTACCGCACTCAGGC,403,-288.910166497023,0.992800719928007,FALSE,0,TRUE
AGCGTCGCATTTCAGG,315,-262.500158677654,0.927907209279072,FALSE,0,TRUE
GAAATGAAGTGTACCT,476,-306.694274173039,0.999100089991001,FALSE,0,TRUE
CTACGTCAGCATGGCA,325,-263.786794230894,0.961603839616038,FALSE,0,TRUE
GAACATCGTCTCAACA,424,-327.672032286616,0.608239176082392,FALSE,0,TRUE
CCGGGATCACTTAACG,376,-291.940434018343,0.91030896910309,FALSE,0,TRUE
CGCTATCTCACTATTC,733,-411.842289548787,0.939206079392061,FALSE,0,TRUE
GTCGTAAGTACAGACG,483,-325.821505861422,0.975702429757024,FALSE,0,TRUE
GCGCAGTGTGCTCTTC,369,-295.384951307307,0.811018898110189,FALSE,0,TRUE
TAAGCGTTCTGCAGTA,755,-490.990166114765,0.0051994800519948,FALSE,0,TRUE
CCCTCCTTCGAGGTAG,366,-274.714987034365,0.991300869913009,FALSE,0,TRUE
ACGATACCATTGGCGC,404,-336.212837915636,0.208779122087791,FALSE,0,TRUE
CACCACTAGACCCACC,304,-249.078861690081,0.981601839816018,FALSE,0,TRUE
GACGGCTGTAGCACGA,417,-344.677049787739,0.16048395160484,FALSE,0,TRUE
ACTGAGTAGTTCCACA,412,-330.902866835539,0.395860413958604,FALSE,0,TRUE
AATCGGTCAGCGATCC,478,-359.991467763413,0.333166683331667,FALSE,0,TRUE
GTGCGGTGTCTCACCT,347,-261.013295142033,0.997800219978002,FALSE,0,TRUE
TGGGAAGAGCCAGAAC,478,-392.50166707648,0.0090990900909909,FALSE,0,TRUE
GGGAATGCACATGTGT,494,-373.445334104812,0.191680831916808,FALSE,0,TRUE
CACATAGAGAGCTATA,392,-293.176072292428,0.95980401959804,FALSE,0,TRUE
GATGCTAAGTCCGGTC,328,-288.770714094317,0.508849115088491,FALSE,0,TRUE
CGTCAGGCACAGATTC,323,-262.603165722369,0.960903909609039,FALSE,0,TRUE
CCATGTCTCGTCTGCT,354,-292.933727860495,0.719328067193281,FALSE,0,TRUE
ACCTTTACATCAGTCA,461,-359.938385063692,0.202979702029797,FALSE,0,TRUE
TACACGAGTTACGCGC,482,-345.573238471265,0.715528447155285,FALSE,0,TRUE
TTGGAACTCAGGATCT,304,-269.846125718535,0.710628937106289,FALSE,0,TRUE
CTACCCACACGTCTCT,341,-271.241716886026,0.96020397960204,FALSE,0,TRUE
CTCGAAATCGTCTGAA,354,-288.566610899758,0.813618638136186,FALSE,0,TRUE
GTAACGTGTATTCTCT,412,-327.571294166308,0.479452054794521,FALSE,0,TRUE
ACTTTCAGTGCAGACA,749,-473.390632698666,0.0415958404159584,FALSE,0,TRUE
GTCATTTTCTGGCGTG,324,-266.777652773904,0.926407359264074,FALSE,0,TRUE
TCGGTAATCAGCGACC,557,-427.002156604922,0.0047995200479952,FALSE,0,TRUE
TGACTAGCATGGAATA,355,-303.137398920919,0.467353264673533,FALSE,0,TRUE
AACTTTCTCTCTTATG,386,-327.707738603949,0.218878112188781,FALSE,0,TRUE
ACGAGGAGTGTGCGTC,419,-366.557301322724,0.0131986801319868,FALSE,0,TRUE
GTTTCTACATTCCTGC,337,-307.405736599956,0.182181781821818,FALSE,0,TRUE
TGACTTTTCGTCCAGG,317,-275.853338111952,0.717428257174283,FALSE,0,TRUE
CTCTGGTGTAGCGCTC,342,-296.643655331598,0.479352064793521,FALSE,0,TRUE
GCAGTTAGTTTGTTTC,355,-310.566801418856,0.285671432856714,FALSE,0,TRUE
GACGCGTTCGGAATCT,676,-412.107689713387,0.696530346965303,FALSE,0,TRUE
GGACAGAAGAGATGAG,334,-288.437007213298,0.599340065993401,FALSE,0,TRUE
GCTGCTTCAAGGTGTG,347,-321.262908155318,0.0721927807219278,FALSE,0,TRUE
GATGAAAAGACGCTTT,379,-294.667708092487,0.894010598940106,FALSE,0,TRUE
GCGCCAACAAGAGGCT,541,-383.481545988952,0.327067293270673,FALSE,0,TRUE
GAGTCCGGTCCGTTAA,612,-419.361505469456,0.133986601339866,FALSE,0,TRUE
GATCGATCAATGGATA,502,-387.853130305551,0.0628937106289371,FALSE,0,TRUE
GTCTTCGGTAGAAGGA,463,-336.870899854609,0.750524947505249,FALSE,0,TRUE
TCACAAGAGCCCAATT,474,-357.557027685941,0.355564443555644,FALSE,0,TRUE
TTGGAACGTGGTAACG,324,-295.035211343886,0.3003699630037,FALSE,0,TRUE
CCGGTAGAGTCACGCC,343,-288.887121570451,0.697630236976302,FALSE,0,TRUE
GTTTCTACATATGGTC,579,-368.909644831078,0.9000099990001,FALSE,0,TRUE
AAGGCAGAGCGGCTTC,333,-295.930094935689,0.387961203879612,FALSE,0,TRUE
CTCGGGAGTCAGAAGC,449,-365.013034786045,0.0777922207779222,FALSE,0,TRUE
ATCGAGTTCTTCGGTC,383,-282.07931249654,0.99010098990101,FALSE,0,TRUE
TCAGCAAAGTGTTAGA,372,-286.876250659226,0.940805919408059,FALSE,0,TRUE
CCCAATCTCGGACAAG,385,-300.531067769238,0.845215478452155,FALSE,0,TRUE
GCGACCATCCGCAAGC,326,-272.525880117478,0.865113488651135,FALSE,0,TRUE
TTCTTAGAGAGTGACC,432,-340.764283571153,0.353664633536646,FALSE,0,TRUE
CTACATTAGAGTAAGG,375,-314.523092676878,0.405259474052595,FALSE,0,TRUE
CAGCTGGTCACAGTAC,323,-279.32701861614,0.698830116988301,FALSE,0,TRUE
GGAATAACATCCTAGA,459,-326.777386877772,0.898610138986101,FALSE,0,TRUE
AGCTCCTGTGTATGGG,431,-324.31235712552,0.75042495750425,FALSE,0,TRUE
TAAACCGGTGCTAGCC,486,-380.21140704103,0.0741925807419258,FALSE,0,TRUE
TTAGTTCCAGTCGATT,381,-278.9258994041,0.994100589941006,FALSE,0,TRUE
GTGCAGCGTAAAGTCA,411,-311.808198136341,0.836316368363164,FALSE,0,TRUE
CTCACACAGGGTTCCC,322,-275.253669005416,0.783821617838216,FALSE,0,TRUE
TCACAAGCAAACCCAT,387,-313.998038413702,0.562643735626437,FALSE,0,TRUE
AACTCAGGTTGAACTC,391,-301.0981786839,0.875012498750125,FALSE,0,TRUE
CCGTTCACAGATGAGC,338,-261.002873718692,0.992200779922008,FALSE,0,TRUE
ATTCTACTCTACTCAT,331,-278.466278062402,0.803219678032197,FALSE,0,TRUE
TCTATTGCATGTCTCC,565,-371.370484005433,0.791820817918208,FALSE,0,TRUE
CAGCTAAAGTGTACCT,333,-270.039174253489,0.938206179382062,FALSE,0,TRUE
TGTCCCAAGGCAGTCA,400,-307.926531894407,0.825017498250175,FALSE,0,TRUE
AGTGTCAGTAGCCTAT,603,-427.504136036613,0.0403959604039596,FALSE,0,TRUE
ATTGGTGCACGTCTCT,307,-283.365191995841,0.37966203379662,FALSE,0,TRUE
AGCTCCTGTCTGGAGA,401,-308.005086388107,0.831416858314169,FALSE,0,TRUE
CAAGAAATCAGCACAT,334,-263.419362084675,0.982101789821018,FALSE,0,TRUE
GGATGTTAGCCAGAAC,437,-365.166298611314,0.0407959204079592,FALSE,0,TRUE
GAGTCCGGTCCGAATT,640,-457.713127399663,0.0031996800319968,FALSE,0,TRUE
ACTGAGTTCATCACCC,344,-300.406970468031,0.402259774022598,FALSE,0,TRUE
TTGTAGGTCTGGCGTG,725,-441.643772600745,0.352064793520648,FALSE,0,TRUE
GTGCGGTGTAAGTGGC,396,-316.384489164604,0.5996400359964,FALSE,0,TRUE
GGACAGACATGCCACG,375,-302.494113286695,0.714928507149285,FALSE,0,TRUE
CGAGAAGTCTGATTCT,349,-274.005262338952,0.963503649635037,FALSE,0,TRUE
GTCAAGTAGAACAACT,603,-367.288485955404,0.974102589741026,FALSE,0,TRUE
TCGCGAGGTCTTTCAT,346,-307.855390662332,0.252074792520748,FALSE,0,TRUE
TGCCAAACACAGACTT,346,-285.264016645817,0.809019098090191,FALSE,0,TRUE
GAACATCGTTCGCGAC,319,-281.751537038935,0.583641635836416,FALSE,0,TRUE
AGTGGGAGTCCGTTAA,519,-358.982716806999,0.719528047195281,FALSE,0,TRUE
ATCCGAAAGGTGTTAA,383,-293.199796795017,0.926207379262074,FALSE,0,TRUE
GATCAGTGTATGAATG,356,-292.175575266684,0.756624337566243,FALSE,0,TRUE
AGTAGTCTCCTGCCAT,363,-289.341207245121,0.867913208679132,FALSE,0,TRUE
TGGCCAGGTACGCTGC,453,-330.13390902099,0.81011898810119,FALSE,0,TRUE
GCATGTACAACTGGCC,436,-322.14297754324,0.834516548345166,FALSE,0,TRUE
GTCCTCAGTCTCATCC,335,-297.041137943032,0.384361563843616,FALSE,0,TRUE
AGGGTGATCATGTAGC,365,-292.19192544458,0.834916508349165,FALSE,0,TRUE
CTACACCAGATGCCTT,330,-353.179868860354,0.0001999800019998,FALSE,0,TRUE
CAAGAAAGTTATCACG,419,-298.949575545023,0.984101589841016,FALSE,0,TRUE
ATCCACCGTTCCATGA,381,-296.364046443003,0.883311668833117,FALSE,0,TRUE
AAAGTAGAGACTTGAA,324,-261.689932404787,0.97000299970003,FALSE,0,TRUE
TTGAACGAGTCTTGCA,334,-300.667520770836,0.283071692830717,FALSE,0,TRUE
GACGCGTCACTATCTT,363,-291.684411361673,0.827217278272173,FALSE,0,TRUE
ACCAGTAAGGAGTTGC,333,-284.530598307688,0.687831216878312,FALSE,0,TRUE
CCTTACGCATGCCCGA,403,-308.646842646743,0.833216678332167,FALSE,0,TRUE
GTACTTTCAGGAACGT,316,-275.321525899617,0.718628137186281,FALSE,0,TRUE
TGCCCATGTGGTCTCG,689,-431.649342602117,0.333766623337666,FALSE,0,TRUE
CTAGCCTAGAGTACAT,480,-378.383262907573,0.0713928607139286,FALSE,0,TRUE
GAACGGAGTGACTACT,1083,-535.232370365307,0.312168783121688,FALSE,0,TRUE
TGGCGCACAAAGAATC,492,-344.140319674287,0.82051794820518,FALSE,0,TRUE
GGGCACTTCCCGACTT,816,-485.064573741512,0.0875912408759124,FALSE,0,TRUE
CAGATCAGTCCGAATT,443,-365.694252484021,0.0533946605339466,FALSE,0,TRUE
CTTCTCTTCCTGCAGG,364,-306.039312708543,0.501049895010499,FALSE,0,TRUE
ATCTGCCGTCTCATCC,311,-256.708656733039,0.963403659634037,FALSE,0,TRUE
ACATACGTCGAATGGG,567,-358.203591173741,0.96010398960104,FALSE,0,TRUE
AGCTCTCAGAAGGGTA,484,-325.561658477978,0.977802219778022,FALSE,0,TRUE
CCTAAAGTCATTTGGG,1208,-692.819457544054,9.99900009999e-05,TRUE,0,TRUE
ACTGATGTCGTGGTCG,320,-258.945022636844,0.973502649735027,FALSE,0,TRUE
ATGGGAGGTTATCACG,337,-261.976177968778,0.98980101989801,FALSE,0,TRUE
CGTCTACAGTGCTGCC,419,-320.447308591452,0.730826917308269,FALSE,0,TRUE
AGCTCTCCATGGTTGT,414,-314.098847745212,0.820717928207179,FALSE,0,TRUE
TACGGTATCAGCCTAA,322,-282.447393541624,0.603639636036396,FALSE,0,TRUE
TGCCCTAGTTTGTTTC,324,-291.847841633904,0.381061893810619,FALSE,0,TRUE
CGCTGGATCTGTCCGT,323,-291.575699882077,0.377562243775622,FALSE,0,TRUE
TTCTCAATCCATGCTC,478,-337.949610434868,0.835916408359164,FALSE,0,TRUE
TCAGGATAGTGGCACA,461,-370.282135187685,0.0745925407459254,FALSE,0,TRUE
CTTTGCGCAAGGTTCT,311,-275.683727270144,0.641835816418358,FALSE,0,TRUE
TAAGCGTAGATGTCGG,309,-264.538805117255,0.861813818618138,FALSE,0,TRUE
CATGACACATTACGAC,627,-443.808591937628,0.0143985601439856,FALSE,0,TRUE
AGCGTATGTCCAACTA,319,-275.104522265968,0.756624337566243,FALSE,0,TRUE
GTTCATTAGTCATGCT,331,-269.200636777421,0.936006399360064,FALSE,0,TRUE
GAGCAGAAGAGTACAT,313,-290.021229182317,0.292670732926707,FALSE,0,TRUE
GCTGCTTGTCGCTTCT,404,-341.300589890169,0.132886711328867,FALSE,0,TRUE
TACGGTATCACCATAG,471,-354.845236855716,0.389161083891611,FALSE,0,TRUE
CCACCTAGTGCTAGCC,316,-260.40895282764,0.953104689531047,FALSE,0,TRUE
GTTCATTGTACCGCTG,313,-254.78657933986,0.977002299770023,FALSE,0,TRUE
ATAGACCCACGGCCAT,372,-361.000592764131,0.000999900009999,FALSE,0,TRUE
TGGGCGTTCCTCGCAT,408,-322.395637312965,0.574842515748425,FALSE,0,TRUE
GGCTCGACATGACATC,383,-284.637390225954,0.982501749825017,FALSE,0,TRUE
TGACTAGAGGTCGGAT,304,-284.863281889138,0.303869613038696,FALSE,0,TRUE
CTACCCAAGGTACTCT,337,-277.158465702692,0.871912808719128,FALSE,0,TRUE
TACCTATAGGGATGGG,466,-346.838275489645,0.541445855414459,FALSE,0,TRUE
TTGTAGGAGAAACCTA,329,-300.53016209932,0.236176382361764,FALSE,0,TRUE
CTTAGGATCTCACATT,590,-396.527406006651,0.414158584141586,FALSE,0,TRUE
GGGATGAAGCTCCTCT,440,-316.835548045279,0.925307469253075,FALSE,0,TRUE
GACGTGCGTTAGAACA,452,-367.158076932947,0.0682931706829317,FALSE,0,TRUE
GCAATCAGTAAGAGGA,452,-334.557360444154,0.707729227077292,FALSE,0,TRUE
CGAGAAGTCCTCGCAT,380,-330.356206751609,0.141185881411859,FALSE,0,TRUE
CGATTGATCGTAGATC,438,-340.980860726462,0.408759124087591,FALSE,0,TRUE
TCGGGACAGTAATCCC,689,-448.983610575104,0.0788921107889211,FALSE,0,TRUE
CGAATGTAGACATAAC,318,-280.972763433021,0.591140885911409,FALSE,0,TRUE
CGATTGAGTAGAGTGC,361,-281.228232976178,0.94960503949605,FALSE,0,TRUE
CAAGGCCAGTCTCCTC,552,-396.351851392419,0.165583441655834,FALSE,0,TRUE
CTGATCCCAGCGTAAG,330,-262.413664723866,0.979002099790021,FALSE,0,TRUE
TATCTCAGTTCCACTC,408,-316.202204126486,0.724527547245275,FALSE,0,TRUE
CGGACGTTCATGTGGT,460,-374.970662825771,0.03999600039996,FALSE,0,TRUE
TTCTTAGAGCGGCTTC,431,-349.403640075193,0.178882111788821,FALSE,0,TRUE
CGGCTAGGTCTAGCCG,611,-390.795162035594,0.711128887111289,FALSE,0,TRUE
GTTCTCGGTTTGACTG,428,-328.940879608934,0.616138386161384,FALSE,0,TRUE
TAGTGGTGTAGCTCCG,366,-336.465822525,0.0334966503349665,FALSE,0,TRUE
GCAATCACAATCTACG,324,-262.554796193722,0.964903509649035,FALSE,0,TRUE
GACTGCGGTCGCATCG,363,-303.554861464872,0.551444855514449,FALSE,0,TRUE
CAACTAGGTCTCTCTG,575,-432.831285025131,0.0050994900509949,FALSE,0,TRUE
TCAGCAAGTACCCAAT,414,-310.294153053804,0.880611938806119,FALSE,0,TRUE
CTTCTCTTCACCAGGC,419,-318.283402450625,0.775422457754225,FALSE,0,TRUE
GCGCAGTCAAAGGTGC,358,-287.298959919463,0.864113588641136,FALSE,0,TRUE
CGTTAGACAAATCCGT,530,-347.425019985248,0.946905309469053,FALSE,0,TRUE
GTGCTTCTCTGTCCGT,382,-277.489166024177,0.996500349965003,FALSE,0,TRUE
GCGCAACCATACGCCG,311,-271.325822052034,0.754624537546245,FALSE,0,TRUE
TGGGAAGCAGACAAGC,607,-415.911958353209,0.156884311568843,FALSE,0,TRUE
ACGGGCTCATGACATC,468,-323.092773088758,0.960903909609039,FALSE,0,TRUE
TTGGAACTCAACGAAA,458,-317.315771374744,0.972502749725027,FALSE,0,TRUE
CACCAGGAGTCCATAC,307,-260.545359156419,0.906709329067093,FALSE,0,TRUE
CTAGTGACAGCATACT,381,-288.58153923464,0.958104189581042,FALSE,0,TRUE
TGCCAAACATCGACGC,330,-259.609362062757,0.987501249875013,FALSE,0,TRUE
AACTGGTTCTAACTGG,353,-264.958272468265,0.996800319968003,FALSE,0,TRUE
CTGAAACCACGTCTCT,431,-319.861282877135,0.840815918408159,FALSE,0,TRUE
GCATGCGTCGATAGAA,302,-262.167203486427,0.844315568443156,FALSE,0,TRUE
GAGTCCGTCCCTAATT,625,-398.232834435593,0.648235176482352,FALSE,0,TRUE
CATGACACACCAGATT,356,-286.699376000762,0.857814218578142,FALSE,0,TRUE
CAGTCCTAGCGGATCA,328,-288.443276594142,0.517048295170483,FALSE,0,TRUE
TTTGGTTCACGGTTTA,495,-344.445125221602,0.833816618338166,FALSE,0,TRUE
CATCAGATCTCATTCA,377,-311.556089075288,0.507849215078492,FALSE,0,TRUE
TTAGGCATCGGAGCAA,328,-267.587840216814,0.93950604939506,FALSE,0,TRUE
TCATTACCATATACGC,411,-294.100605386977,0.988301169883012,FALSE,0,TRUE
CATATTCTCCACGTTC,360,-259.920624127351,1,FALSE,0,TRUE
TCAGGATGTGATAAGT,451,-319.974194041697,0.934606539346065,FALSE,0,TRUE
ACTTTCACAGCCTGTG,360,-292.901913697081,0.78042195780422,FALSE,0,TRUE
CCATTCGAGTGAATTG,493,-357.586674490194,0.525947405259474,FALSE,0,TRUE
GACTACAAGGTGATAT,399,-347.751456061938,0.0503949605039496,FALSE,0,TRUE
TTCTCAACAGCTGCAC,319,-259.179110438691,0.97000299970003,FALSE,0,TRUE
GACTGCGCATTTGCCC,326,-264.552554394473,0.958504149585041,FALSE,0,TRUE
CTAGAGTTCTGATTCT,490,-369.104193755305,0.24047595240476,FALSE,0,TRUE
TATCTCACACTCAGGC,346,-342.590663232906,0.0025997400259974,FALSE,0,TRUE
CTCGTCAAGCCCAATT,397,-296.391210638563,0.952104789521048,FALSE,0,TRUE
ATCCACCAGTCCGTAT,325,-308.686690624563,0.0876912308769123,FALSE,0,TRUE
AACTCCCTCCCGGATG,392,-315.833807486662,0.568543145685431,FALSE,0,TRUE
TGTTCCGCAGCCTTGG,347,-260.295191156463,0.997900209979002,FALSE,0,TRUE
CCCATACGTGACGCCT,459,-311.492655758875,0.990800919908009,FALSE,0,TRUE
CAGCCGAGTTACTGAC,332,-260.18085309697,0.989001099890011,FALSE,0,TRUE
CTCGTACAGTGAACGC,331,-286.381993531462,0.616138386161384,FALSE,0,TRUE
GGACATTTCTTGTTTG,310,-277.630223593032,0.577042295770423,FALSE,0,TRUE
TTAGTTCGTGGTAACG,310,-263.057253605743,0.894210578942106,FALSE,0,TRUE
AGATCTGTCCAAACAC,372,-301.331237888444,0.710828917108289,FALSE,0,TRUE
GTTTCTATCTGCTGTC,441,-334.684156693573,0.601239876012399,FALSE,0,TRUE
CTCTGGTAGCGATTCT,428,-340.675586135799,0.318968103189681,FALSE,0,TRUE
CACAGGCAGTAGGCCA,378,-301.583787349497,0.764823517648235,FALSE,0,TRUE
AGGGAGTAGCGAGAAA,355,-279.020259327403,0.944605539446055,FALSE,0,TRUE
TACTTACAGAATTGTG,525,-419.886655326249,0.0025997400259974,FALSE,0,TRUE
GCTCCTAGTGGCGAAT,685,-408.928673365115,0.807219278072193,FALSE,0,TRUE
ACTGCTCCATTGGCGC,316,-259.012827109548,0.961603839616038,FALSE,0,TRUE
GTCGGGTCATGAAGTA,324,-277.296247526236,0.76022397760224,FALSE,0,TRUE
GGCCGATTCATAACCG,421,-335.649751840104,0.36966303369663,FALSE,0,TRUE
AACTGGTGTGGCTCCA,626,-358.973973052563,0.998900109989001,FALSE,0,TRUE
GACGTGCCAGCCTGTG,443,-340.398755235756,0.472652734726527,FALSE,0,TRUE
CCTACCATCTACTATC,370,-274.432279856905,0.993500649935007,FALSE,0,TRUE
ATAACGCGTTTGGCGC,396,-334.511447748049,0.17988201179882,FALSE,0,TRUE
CATGACAGTAAGTGTA,304,-281.399649528139,0.39026097390261,FALSE,0,TRUE
CATATTCGTAAGGGAA,567,-420.668008410879,0.0196980301969803,FALSE,0,TRUE
TAGAGCTAGAGGTTGC,403,-306.236087472258,0.873312668733127,FALSE,0,TRUE
TGAGAGGCAATAAGCA,359,-308.341145969893,0.378662133786621,FALSE,0,TRUE
GTAACGTGTTAAGATG,505,-349.164044593578,0.815218478152185,FALSE,0,TRUE
CGAGCCAAGAGCTTCT,405,-299.566459532388,0.952504749525047,FALSE,0,TRUE
CGAGAAGCACTTGGAT,334,-295.616975933728,0.406759324067593,FALSE,0,TRUE
AACTCAGAGGGTGTTG,390,-341.425483385495,0.0683931606839316,FALSE,0,TRUE
CGTCCATCATTCCTCG,326,-289.665713284369,0.459054094590541,FALSE,0,TRUE
ATCATGGAGGCACATG,376,-312.628239195208,0.467053294670533,FALSE,0,TRUE
CACAGGCCAAGACACG,338,-285.974675123712,0.712428757124288,FALSE,0,TRUE
CGTTAGACACCGAATT,319,-263.629473046419,0.934706529347065,FALSE,0,TRUE
TTGCCGTCAACTGCTA,323,-251.090185564899,0.996600339966003,FALSE,0,TRUE
TTCTTAGTCGGCGGTT,397,-320.020990908905,0.514648535146485,FALSE,0,TRUE
TGCACCTTCTTAGCCC,476,-326.276708618606,0.95960403959604,FALSE,0,TRUE
CTCACACAGTATCGAA,476,-318.942185163422,0.989001099890011,FALSE,0,TRUE
GACTACAGTTGCCTCT,378,-293.179915513814,0.905709429057094,FALSE,0,TRUE
ATAACGCTCATGCTCC,493,-353.415311621939,0.63043695630437,FALSE,0,TRUE
TGCTACCGTCAGCTAT,406,-327.01543509559,0.429357064293571,FALSE,0,TRUE
GGTGAAGCAGACAAAT,526,-365.914713727376,0.617238276172383,FALSE,0,TRUE
AACACGTAGGCAGGTT,536,-405.940528124905,0.0330966903309669,FALSE,0,TRUE
GTGTTAGTCTGAGTGT,451,-360.852513601739,0.130786921307869,FALSE,0,TRUE
CAGAATCTCCTCAATT,404,-310.688928307527,0.803919608039196,FALSE,0,TRUE
AACCATGGTGCACCAC,375,-298.083785361023,0.80981901809819,FALSE,0,TRUE
ACCTTTAGTACCGGCT,406,-313.030168422476,0.774622537746225,FALSE,0,TRUE
TGACGGCGTACTTCTT,459,-396.964309606318,0.0013998600139986,FALSE,0,TRUE
TCTGGAACAATGAATG,345,-297.240717750403,0.501749825017498,FALSE,0,TRUE
AACTTTCAGTCACGCC,503,-362.012945517189,0.509449055094491,FALSE,0,TRUE
GACTAACCAAGGTTTC,381,-326.107571532495,0.20987901209879,FALSE,0,TRUE
CTAAGACGTTCGGGCT,516,-444.694876980952,9.99900009999e-05,TRUE,0,TRUE
CGATTGAAGCTGCGAA,347,-335.765099573327,0.0094990500949905,FALSE,0,TRUE
AGAATAGGTTACGTCA,456,-353.099287935029,0.294470552944706,FALSE,0,TRUE
GGCGTGTTCTGTCCGT,302,-250.267991784556,0.974202579742026,FALSE,0,TRUE
TACTTGTCAACCGCCA,338,-280.298152248522,0.829217078292171,FALSE,0,TRUE
GGACAGAGTCGTGGCT,373,-325.317013146729,0.165683431656834,FALSE,0,TRUE
CAACTAGCATATACGC,389,-300.173934652575,0.877912208779122,FALSE,0,TRUE
TAGACCACAATGGAGC,319,-265.451195234671,0.914508549145086,FALSE,0,TRUE
CCTTACGAGGACACCA,422,-317.781480930242,0.811318868113189,FALSE,0,TRUE
TACGGATTCTTGTACT,1011,-592.896412229903,9.99900009999e-05,TRUE,0,TRUE
ACGTCAACAAGCGAGT,607,-381.085715483749,0.862013798620138,FALSE,0,TRUE
ACCAGTAAGAAACGAG,455,-332.228192234049,0.782621737826217,FALSE,0,TRUE
AGTGTCATCCAAGCCG,328,-270.793368903963,0.898710128987101,FALSE,0,TRUE
AGCTTGAAGCTGCGAA,314,-268.555142794025,0.836416358364164,FALSE,0,TRUE
GATGCTAGTACCTACA,391,-314.41767953833,0.596840315968403,FALSE,0,TRUE
AACTGGTTCCTACAGA,491,-340.97658998662,0.866113388661134,FALSE,0,TRUE
AGGCCGTTCGTCCGTT,370,-316.636379765211,0.300869913008699,FALSE,0,TRUE
GTCGTAAAGGGTTCCC,341,-294.573551408512,0.523447655234477,FALSE,0,TRUE
ACACCGGCAATACGCT,366,-311.196198592673,0.386761323867613,FALSE,0,TRUE
GAACCTAGTTGGTTTG,394,-292.388950042465,0.968003199680032,FALSE,0,TRUE
CTGATAGCAATCACAC,567,-398.04708736635,0.223077692230777,FALSE,0,TRUE
CTGTGCTGTACTTCTT,307,-281.918308372531,0.416658334166583,FALSE,0,TRUE
CACTCCAAGTGGTAAT,505,-381.290607304888,0.135686431356864,FALSE,0,TRUE
CAAGGCCAGGACAGAA,328,-274.641670417064,0.844715528447155,FALSE,0,TRUE
CGCTATCCAATCGGTT,311,-265.796851366881,0.858614138586141,FALSE,0,TRUE
ACCTTTAAGACCTAGG,337,-301.896609212888,0.286971302869713,FALSE,0,TRUE
GGAGCAATCTTTAGGG,592,-383.440195719425,0.736826317368263,FALSE,0,TRUE
CTAGCCTCACATCTTT,324,-272.624381981912,0.847915208479152,FALSE,0,TRUE
GCGAGAACACGACGAA,777,-451.106871119454,0.478852114788521,FALSE,0,TRUE
AGCATACGTATATCCG,664,-452.048497781884,0.0236976302369763,FALSE,0,TRUE
TGCTACCGTACTTCTT,531,-342.14326757794,0.977902209779022,FALSE,0,TRUE
CTCGTACCATCACGTA,511,-356.608147209358,0.709529047095291,FALSE,0,TRUE
TGAGCCGCACTATCTT,354,-288.833267434541,0.808919108089191,FALSE,0,TRUE
GGAGCAATCGTCCGTT,324,-262.661807413672,0.964003599640036,FALSE,0,TRUE
GGACGTCTCGCTTGTC,471,-351.008414441288,0.482551744825517,FALSE,0,TRUE
GAAGCAGAGAGGGATA,316,-282.765309144231,0.515448455154485,FALSE,0,TRUE
AAATGCCCATCGGGTC,314,-251.515415218035,0.989201079892011,FALSE,0,TRUE
TCAGATGTCTCCGGTT,327,-279.734536192682,0.738226177382262,FALSE,0,TRUE
ATCACGATCGCCTGTT,352,-323.484010517235,0.0741925807419258,FALSE,0,TRUE
TGCGGGTTCCAGGGCT,425,-326.608033872024,0.642335766423358,FALSE,0,TRUE
GGACGTCGTTACGACT,344,-331.035900409041,0.016998300169983,FALSE,0,TRUE
CGGGTCACACGTGAGA,397,-298.048456220182,0.938706129387061,FALSE,0,TRUE
AAGGTTCTCAGGCCCA,328,-262.423765242238,0.975402459754025,FALSE,0,TRUE
CACATTTGTATTCTCT,325,-273.669802309364,0.838716128387161,FALSE,0,TRUE
ACACTGAGTCCAGTAT,475,-336.857394150451,0.838316168383162,FALSE,0,TRUE
GTACTCCTCCACGTGG,387,-316.662420898384,0.49045095490451,FALSE,0,TRUE
CTTAACTGTGTTCTTT,340,-281.388958217896,0.827517248275172,FALSE,0,TRUE
TGAAAGAAGTAATCCC,308,-262.359150523293,0.89011098890111,FALSE,0,TRUE
ACCTTTAGTATTACCG,315,-300.063565611698,0.12958704129587,FALSE,0,TRUE
TCTTTCCCATAGAAAC,563,-385.59837286991,0.454554544545545,FALSE,0,TRUE
ACGGAGAAGAAGGACA,381,-289.627628083788,0.949105089491051,FALSE,0,TRUE
CGGGTCATCAAACCGT,330,-302.307156214757,0.20957904209579,FALSE,0,TRUE
TTCCCAGGTGACGGTA,385,-329.103008410632,0.187381261873813,FALSE,0,TRUE
GCCTCTACAAGTTGTC,759,-447.085053319689,0.44985501449855,FALSE,0,TRUE
CCGGTAGAGGCTCAGA,370,-305.667231401758,0.582641735826417,FALSE,0,TRUE
CGTGAGCCAGCGTTCG,347,-301.786488132662,0.402959704029597,FALSE,0,TRUE
GGAATAAGTAATTGGA,377,-319.044216678377,0.315068493150685,FALSE,0,TRUE
AGTGGGAAGAAACCAT,351,-308.185361069717,0.295270472952705,FALSE,0,TRUE
CACACCTAGTGGTCCC,364,-295.946956142079,0.753724627537246,FALSE,0,TRUE
GCGCGATTCGAGCCCA,337,-286.73522729908,0.681431856814319,FALSE,0,TRUE
TGGTTAGAGGTGCACA,339,-272.044323458977,0.946105389461054,FALSE,0,TRUE
GTCCTCACAAGTAATG,330,-296.330324498415,0.338366163383662,FALSE,0,TRUE
AGGCCACTCAATCACG,355,-297.529078984967,0.617438256174383,FALSE,0,TRUE
GTTAAGCCACGTGAGA,510,-388.118703959537,0.083991600839916,FALSE,0,TRUE
CCAATCCCATCCTTGC,587,-439.963354068912,0.0030996900309969,FALSE,0,TRUE
TGCCCTACAATCCGAT,313,-260.57578367827,0.938806119388061,FALSE,0,TRUE
TCGAGGCCAAATCCGT,517,-380.753284998475,0.214278572142786,FALSE,0,TRUE
AGGCCGTGTGACTCAT,314,-269.064646185797,0.828717128287171,FALSE,0,TRUE
TACTTGTTCTCCGGTT,325,-258.713452131696,0.982901709829017,FALSE,0,TRUE
GGATGTTGTTCCTCCA,351,-284.168938155085,0.861713828617138,FALSE,0,TRUE
CTACGTCAGTGTTGAA,307,-296.478609052215,0.122387761223878,FALSE,0,TRUE
AAGTCTGAGTAGCCGA,494,-360.074859028206,0.473752624737526,FALSE,0,TRUE
ACGAGGATCCTCAATT,348,-304.269068187045,0.353564643535646,FALSE,0,TRUE
CGGGTCAAGCGCTCCA,474,-330.401411590015,0.91980801919808,FALSE,0,TRUE
GATCGATGTCGCGGTT,456,-349.721617689323,0.37036296370363,FALSE,0,TRUE
GAATAAGTCGTTTATC,321,-274.623779968085,0.786721327867213,FALSE,0,TRUE
TTCTCCTGTAGCAAAT,370,-300.677586779209,0.706229377062294,FALSE,0,TRUE
CGATTGAAGAGCTGCA,352,-301.196040769783,0.482351764823518,FALSE,0,TRUE
TCAGATGTCTGCTGCT,302,-256.88977272499,0.922107789221078,FALSE,0,TRUE
CCCAATCTCTGTCTCG,312,-294.548319906402,0.190680931906809,FALSE,0,TRUE
CACAGGCCAGCCAATT,361,-313.862157836533,0.272072792720728,FALSE,0,TRUE
CCTAAAGCACGGTAAG,307,-276.45312086618,0.567043295670433,FALSE,0,TRUE
CACACAAAGTACTTGC,385,-396.534332882307,9.99900009999e-05,TRUE,0,TRUE
CCGTTCAGTCCGACGT,404,-343.030760908555,0.111788821117888,FALSE,0,TRUE
ATTTCTGGTCACCTAA,353,-303.908713230254,0.421157884211579,FALSE,0,TRUE
GCGCCAACAGCGATCC,672,-427.767414903104,0.306969303069693,FALSE,0,TRUE
ACGGGTCGTGCTTCTC,463,-349.20924362059,0.451454854514549,FALSE,0,TRUE
CCCAATCCATGCGCAC,383,-307.319728881668,0.682931706829317,FALSE,0,TRUE
CCTACACCAGGGAGAG,362,-324.291338648182,0.112188781121888,FALSE,0,TRUE
TACACGAGTTACGTCA,316,-288.100726472664,0.375862413758624,FALSE,0,TRUE
TCAGGTACAGCTGTAT,518,-368.824885758199,0.474252574742526,FALSE,0,TRUE
GGACATTGTTCGTGAT,349,-266.136890977224,0.991900809919008,FALSE,0,TRUE
TCATTACTCACTTCAT,358,-303.077213465148,0.508349165083492,FALSE,0,TRUE
CACTCCAAGGGTGTTG,467,-330.493847066953,0.888011198880112,FALSE,0,TRUE
TGCTGCTCAATGAATG,393,-293.826147495266,0.958304169583042,FALSE,0,TRUE
CACCACTTCCATGAAC,401,-321.887229938154,0.510848915108489,FALSE,0,TRUE
GACAGAGAGGGTATCG,316,-258.808756773251,0.963203679632037,FALSE,0,TRUE
CGGACTGCAGCCAATT,334,-271.67044676803,0.924207579242076,FALSE,0,TRUE
TACTTACCACCAACCG,552,-415.607541993781,0.0172982701729827,FALSE,0,TRUE
ACGAGGAAGCTTCGCG,328,-279.767636692736,0.748225177482252,FALSE,0,TRUE
GGGAATGTCGATGAGG,322,-277.277020594558,0.74012598740126,FALSE,0,TRUE
GATCTAGCATCTCCCA,531,-380.815539062095,0.308969103089691,FALSE,0,TRUE
CTACACCTCTAACTTC,309,-277.174165440878,0.574642535746425,FALSE,0,TRUE
AGTAGTCAGGAATGGA,330,-303.352832727716,0.192980701929807,FALSE,0,TRUE
AACACGTCAGCATGAG,313,-272.36123390511,0.754224577542246,FALSE,0,TRUE
TTTGCGCAGCTCTCGG,357,-289.508066479951,0.821017898210179,FALSE,0,TRUE
TACAGTGAGATCCGAG,302,-258.645994007148,0.901509849015098,FALSE,0,TRUE
GTCACGGCACTGTTAG,374,-310.927313880301,0.48995100489951,FALSE,0,TRUE
GTGTTAGTCATCGATG,308,-287.658327856699,0.28957104289571,FALSE,0,TRUE
ACGTCAAAGGATGGAA,333,-293.356094776718,0.453354664533547,FALSE,0,TRUE
AGCTTGACAAGCGAGT,465,-311.219046300987,0.994800519948005,FALSE,0,TRUE
GTACTTTGTAGAGTGC,308,-276.690759204295,0.574342565743426,FALSE,0,TRUE
ATGGGAGAGTCCGTAT,547,-366.828445614606,0.765123487651235,FALSE,0,TRUE
CATCCACTCCAGTATG,355,-291.427246145373,0.764123587641236,FALSE,0,TRUE
GCTCTGTTCCAAGCCG,427,-325.61290271859,0.688631136886311,FALSE,0,TRUE
GTGCGGTAGCTAGCCC,597,-418.838760552419,0.083991600839916,FALSE,0,TRUE
CATGCCTTCACAACGT,358,-288.142981969204,0.85051494850515,FALSE,0,TRUE
CAGAATCTCTGGTTCC,455,-321.824889257625,0.932606739326067,FALSE,0,TRUE
CCTAGCTTCAACACCA,362,-283.946682627244,0.927007299270073,FALSE,0,TRUE
TTTGCGCCAACTTGAC,313,-253.075387901692,0.982801719828017,FALSE,0,TRUE
CAGCTGGTCCGTCAAA,505,-341.168772404651,0.924407559244076,FALSE,0,TRUE
AAATGCCCAAGCGCTC,344,-290.020707988102,0.677532246775322,FALSE,0,TRUE
GAAACTCGTCCGTGAC,317,-305.90897347058,0.0760923907609239,FALSE,0,TRUE
CATCAAGGTCGGATCC,421,-309.150150817108,0.928107189281072,FALSE,0,TRUE
ACAGCTACATGGGACA,362,-290.826290241845,0.834116588341166,FALSE,0,TRUE
GAACGGACAGCCAATT,390,-294.924627513787,0.939306069393061,FALSE,0,TRUE
TTTGTCAGTCTTGTCC,319,-293.055221681251,0.288471152884712,FALSE,0,TRUE
CCAGCGATCCCTAACC,649,-427.285270308935,0.188981101889811,FALSE,0,TRUE
TACTTACTCAATAAGG,304,-303.558829125776,0.0468953104689531,FALSE,0,TRUE
AACTCAGCAAAGGTGC,336,-284.955291418477,0.714528547145285,FALSE,0,TRUE
TAGAGCTGTACTTAGC,344,-334.107242830283,0.0097990200979902,FALSE,0,TRUE
TGTATTCAGGGCATGT,362,-262.349619509993,0.999700029997,FALSE,0,TRUE
TGCTACCAGGCCATAG,349,-309.957308742608,0.238576142385761,FALSE,0,TRUE
AGAATAGGTACTTAGC,556,-404.365357269488,0.0872912708729127,FALSE,0,TRUE
TCGTACCGTGGCTCCA,382,-289.518277380688,0.953904609539046,FALSE,0,TRUE
TCGGGACGTACCCAAT,328,-263.968639022104,0.968203179682032,FALSE,0,TRUE
GTCTTCGGTTTAAGCC,325,-352.854291594942,9.99900009999e-05,TRUE,0,TRUE
CCGTACTCAATGGTCT,359,-317.405931145444,0.190680931906809,FALSE,0,TRUE
TATCAGGGTCACTGGC,326,-269.673329328065,0.901709829017098,FALSE,0,TRUE
ATTGGACCAGGACCCT,387,-322.150381500352,0.344265573442656,FALSE,0,TRUE
CCACCTATCATCTGTT,372,-326.100184218619,0.147385261473853,FALSE,0,TRUE
CACATTTTCGATCCCT,454,-317.794269506337,0.961003899610039,FALSE,0,TRUE
CTACATTGTAAGCACG,314,-264.582085650349,0.897310268973103,FALSE,0,TRUE
ACTGATGTCACAAACC,353,-283.569976780108,0.884511548845116,FALSE,0,TRUE
TAGGCATGTGTAACGG,334,-308.379869276794,0.144185581441856,FALSE,0,TRUE
CGTTCTGAGGTTACCT,327,-283.410680068099,0.645735426457354,FALSE,0,TRUE
GAAATGACAGAAGCAC,424,-351.188148644643,0.115588441155884,FALSE,0,TRUE
ACTGATGCATTATCTC,409,-299.254437398597,0.964003599640036,FALSE,0,TRUE
TCAACGAGTCGGCACT,360,-293.759463637618,0.762323767623238,FALSE,0,TRUE
AACTCCCGTCTAACGT,325,-278.879980508033,0.734926507349265,FALSE,0,TRUE
CAGCTGGCAAGCCATT,494,-330.507915316264,0.970902909709029,FALSE,0,TRUE
CGACTTCGTTCGAATC,430,-334.174998999457,0.501949805019498,FALSE,0,TRUE
ATGTGTGGTAAGTGTA,442,-325.667954228097,0.813818618138186,FALSE,0,TRUE
ACGGGTCAGTTACGGG,340,-304.582370830285,0.262173782621738,FALSE,0,TRUE
CCGGTAGCAGCTTCGG,417,-319.675365817375,0.729327067293271,FALSE,0,TRUE
GGATGTTGTTAAGTAG,400,-315.047499523679,0.675632436756324,FALSE,0,TRUE
CTACCCATCGCAGGCT,307,-262.513446105191,0.88051194880512,FALSE,0,TRUE
ATCATGGTCTTGTATC,344,-349.630321786289,0.0007999200079992,FALSE,0,TRUE
ACGTCAAAGAAGATTC,327,-262.295950405308,0.973602639736026,FALSE,0,TRUE
CTACCCAGTGTTAAGA,358,-263.485246863685,0.999100089991001,FALSE,0,TRUE
GATGCTACACTTACGA,382,-314.027183814592,0.502549745025497,FALSE,0,TRUE
CTCGTCACACAGACAG,339,-273.611493109868,0.929207079292071,FALSE,0,TRUE
CGCGGTAGTACATCCA,364,-288.337823863379,0.887911208879112,FALSE,0,TRUE
TGACTAGCATCCGTGG,340,-304.867598652261,0.256474352564744,FALSE,0,TRUE
CTCGTACGTCGGGTCT,320,-294.459340580551,0.268173182681732,FALSE,0,TRUE
CTCGGGACAGAGCCAA,333,-263.8821161958,0.978902109789021,FALSE,0,TRUE
ACACTGAGTAGCCTAT,818,-497.645388165901,0.0234976502349765,FALSE,0,TRUE
ACGCCGACAATGGAAT,331,-274.833031429062,0.864813518648135,FALSE,0,TRUE
AACGTTGTCACTTACT,344,-273.517067963864,0.951404859514049,FALSE,0,TRUE
CTTCTCTTCGTGACAT,305,-274.29116405227,0.602339766023398,FALSE,0,TRUE
CTTCTCTCACTTCTGC,318,-262.414312474062,0.941905809419058,FALSE,0,TRUE
GAGCAGACAAAGTGCG,425,-366.393614945342,0.0184981501849815,FALSE,0,TRUE
CGTAGCGTCGGAGGTA,397,-317.350960212801,0.585341465853415,FALSE,0,TRUE
CAGTCCTAGGGCTCTC,407,-307.477746112,0.88001199880012,FALSE,0,TRUE
TGGCCAGGTATCGCAT,574,-402.376632100308,0.191480851914809,FALSE,0,TRUE
ACGGGTCCAGCGAACA,426,-328.110728295709,0.618938106189381,FALSE,0,TRUE
GAGGTGAGTCACCTAA,405,-348.374287608161,0.0645935406459354,FALSE,0,TRUE
ATCCACCGTTGCGCAC,457,-362.049802806999,0.146285371462854,FALSE,0,TRUE
ACACCGGTCCCTCTTT,333,-277.465846582552,0.837416258374163,FALSE,0,TRUE
CAGAATCGTGCCTGCA,475,-340.640459910382,0.764223577642236,FALSE,0,TRUE
GACCTGGCATTAACCG,336,-293.25600091317,0.493350664933507,FALSE,0,TRUE
GTTCATTAGCCCAATT,411,-329.208994471735,0.425257474252575,FALSE,0,TRUE
ATCACGAAGGTGACCA,428,-310.136404684329,0.944705529447055,FALSE,0,TRUE
CACTCCATCTCGGACG,360,-301.392811546633,0.575642435756424,FALSE,0,TRUE
CGGACTGAGGATTCGG,323,-262.971775231849,0.958404159584042,FALSE,0,TRUE
CTTTGCGTCGTTGACA,407,-305.586255706041,0.904909509049095,FALSE,0,TRUE
TCAGCTCGTGTATGGG,302,-264.116684263591,0.81021897810219,FALSE,0,TRUE
CGTTCTGTCGGGAGTA,371,-328.763418788681,0.107589241075892,FALSE,0,TRUE
GATCGTAAGAGAGCTC,323,-324.30508987255,0.0080991900809919,FALSE,0,TRUE
TGACTAGGTCAACTGT,386,-299.144378789092,0.874512548745126,FALSE,0,TRUE
AGGGAGTGTGGTCTCG,337,-294.888096723855,0.462553744625537,FALSE,0,TRUE
TGTATTCGTGCGCTTG,318,-264.661691808686,0.918708129187081,FALSE,0,TRUE
GGGAGATCATGTAGTC,316,-264.753879684059,0.906009399060094,FALSE,0,TRUE
TTGAACGTCCAGTATG,303,-264.008954656978,0.82051794820518,FALSE,0,TRUE
CTCGTCAGTTCCACAA,653,-383.874049720579,0.968803119688031,FALSE,0,TRUE
CTGCCTACACTTAACG,412,-341.722499015321,0.175382461753825,FALSE,0,TRUE
GAAATGACAATCGGTT,321,-328.659812099038,0.0033996600339966,FALSE,0,TRUE
CGGCTAGGTGAGGGTT,450,-363.945074027023,0.0918908109189081,FALSE,0,TRUE
ATCTGCCCAATAGCGG,344,-269.875781402852,0.974402559744026,FALSE,0,TRUE
TGCGTGGGTCATTAGC,331,-270.28876809044,0.924707529247075,FALSE,0,TRUE
CTAACTTTCCTAGGGC,322,-267.208245677031,0.909009099090091,FALSE,0,TRUE
TGAGCATAGACTAGAT,334,-292.656758562334,0.483151684831517,FALSE,0,TRUE
GATGAAATCATCATTC,317,-281.054705252337,0.575442455754425,FALSE,0,TRUE
TGCTACCAGCTAAGAT,327,-249.198240663535,0.998900109989001,FALSE,0,TRUE
GAGTCCGAGCTAAACA,302,-269.910145403143,0.684431556844316,FALSE,0,TRUE
CGAACATAGGACATTA,340,-287.053666217733,0.709029097090291,FALSE,0,TRUE
ATTGGTGAGCACGCCT,369,-315.479732822859,0.315968403159684,FALSE,0,TRUE
CATGACAAGAGTTGGC,325,-272.704053489784,0.855414458554145,FALSE,0,TRUE
CGTAGGCGTGAGTGAC,476,-350.809331674912,0.535946405359464,FALSE,0,TRUE
ACAGCCGCACTATCTT,311,-242.346133703888,0.998400159984002,FALSE,0,TRUE
GCATGCGGTCGTGGCT,305,-276.327620379486,0.541745825417458,FALSE,0,TRUE
TACACGACAGGTCGTC,479,-353.778625470136,0.488451154884512,FALSE,0,TRUE
ACTTTCAAGACAATAC,309,-268.444091650981,0.794420557944206,FALSE,0,TRUE
CCACGGAAGGTGCTTT,334,-269.457981983124,0.948505149485051,FALSE,0,TRUE
TACTTACTCATTCACT,345,-283.048494163593,0.83961603839616,FALSE,0,TRUE
CAACCTCAGAGTCGGT,319,-277.119237113073,0.707029297070293,FALSE,0,TRUE
GTCACAATCAGGCCCA,417,-305.765062749364,0.944705529447055,FALSE,0,TRUE
GGCTGGTGTGATAAGT,338,-292.944488754768,0.529147085291471,FALSE,0,TRUE
CGTCTACGTCTGATTG,353,-306.795624652566,0.348265173482652,FALSE,0,TRUE
CACACCTGTCAGATAA,355,-306.538597783266,0.38006199380062,FALSE,0,TRUE
CGATGTAAGTGGAGAA,302,-285.800425313184,0.262173782621738,FALSE,0,TRUE
CGATTGAGTCCAGTTA,410,-311.676171264025,0.831516848315168,FALSE,0,TRUE
TGGGAAGCATCCAACA,408,-303.654986015174,0.928707129287071,FALSE,0,TRUE
TACTCATAGATAGTCA,316,-286.135643912155,0.423457654234577,FALSE,0,TRUE
CAACCAAGTCGAACAG,409,-348.244844781657,0.0793920607939206,FALSE,0,TRUE
CCTATTAGTTCGCTAA,355,-270.85410105251,0.988701129887011,FALSE,0,TRUE
AAATGCCTCCATGCTC,309,-292.9079069015,0.192080791920808,FALSE,0,TRUE
ACTATCTTCCACGACG,340,-268.228230284906,0.975002499750025,FALSE,0,TRUE
CGAATGTCATCCGTGG,312,-288.507481448551,0.314768523147685,FALSE,0,TRUE
CGTCAGGTCAAACCGT,378,-299.794311712212,0.8002199780022,FALSE,0,TRUE
